{"type":"FeatureCollection","features":[{"type":"Feature","properties":{"name":"Nairobi","countyCode":47},"geometry":{"type":"Polygon","coordinates":[[[36.9046,-1.1607],[36.9207,-1.1633],[36.9267,-1.1682],[36.9343,-1.1701],[36.9415,-1.1746],[36.9407,-1.1779],[36.9225,-1.1973],[36.9195,-1.1987],[36.9179,-1.2023],[36.9135,-1.208],[36.9165,-1.2125],[36.9221,-1.2172],[36.9317,-1.2233],[36.9341,-1.2216],[36.9391,-1.2222],[36.9475,-1.226],[36.9645,-1.2288],[36.9715,-1.2282],[36.9791,-1.2247],[36.9887,-1.2241],[36.9919,-1.2254],[36.9977,-1.2334],[37.0045,-1.2366],[37.0125,-1.2355],[37.0165,-1.2285],[37.0305,-1.2207],[37.0383,-1.2131],[37.0549,-1.2069],[37.0581,-1.2086],[37.0611,-1.2069],[37.0703,-1.2177],[37.0809,-1.2373],[37.0877,-1.2341],[37.0915,-1.2379],[37.0955,-1.2448],[37.0875,-1.249],[37.1039,-1.2648],[37.1017,-1.2742],[37.0975,-1.2741],[37.0881,-1.2775],[37.0851,-1.2794],[37.0823,-1.2847],[37.0787,-1.2838],[37.0769,-1.2863],[37.0735,-1.2954],[37.0739,-1.2996],[37.0767,-1.3024],[37.0661,-1.3013],[37.0265,-1.2919],[37.0027,-1.3007],[36.9955,-1.2814],[36.9743,-1.2896],[36.9843,-1.3148],[36.9669,-1.3532],[36.9611,-1.3485],[36.9345,-1.3388],[36.9073,-1.3634],[36.9169,-1.3778],[36.9239,-1.3939],[36.9285,-1.3945],[36.9321,-1.3983],[36.9363,-1.3992],[36.9457,-1.4088],[36.9475,-1.4219],[36.9559,-1.4293],[36.9595,-1.4365],[36.9617,-1.4387],[36.9611,-1.4445],[36.9555,-1.4376],[36.9511,-1.4379],[36.9411,-1.4329],[36.9319,-1.4329],[36.8929,-1.4157],[36.8907,-1.4138],[36.8943,-1.4111],[36.8853,-1.4072],[36.8825,-1.4063],[36.8711,-1.4071],[36.8693,-1.4039],[36.8653,-1.4041],[36.8597,-1.4],[36.8497,-1.3961],[36.8443,-1.3876],[36.8299,-1.3876],[36.8223,-1.3844],[36.8199,-1.3815],[36.8161,-1.3823],[36.8091,-1.3881],[36.8031,-1.3886],[36.7931,-1.3858],[36.7901,-1.388],[36.7839,-1.3891],[36.7813,-1.3873],[36.7731,-1.3887],[36.7665,-1.388],[36.7607,-1.3851],[36.7505,-1.3845],[36.7349,-1.3784],[36.7287,-1.3745],[36.7027,-1.3522],[36.6955,-1.353],[36.6871,-1.3433],[36.6865,-1.34],[36.6805,-1.3289],[36.6755,-1.3303],[36.6697,-1.3261],[36.6735,-1.3244],[36.6641,-1.3197],[36.6709,-1.306],[36.6743,-1.3073],[36.6817,-1.298],[36.6891,-1.2827],[36.6889,-1.2755],[36.6919,-1.2755],[36.6919,-1.2714],[36.6969,-1.2675],[36.6941,-1.2639],[36.6967,-1.2606],[36.7015,-1.2617],[36.7043,-1.2586],[36.7173,-1.2615],[36.7197,-1.2637],[36.7255,-1.2515],[36.7261,-1.2476],[36.7283,-1.2457],[36.7311,-1.2348],[36.7459,-1.2371],[36.7541,-1.226],[36.7567,-1.22],[36.7705,-1.2263],[36.7723,-1.2235],[36.7789,-1.2268],[36.7889,-1.2077],[36.7851,-1.205],[36.7917,-1.1915],[36.8351,-1.2161],[36.8329,-1.2089],[36.8503,-1.213],[36.8527,-1.2026],[36.8599,-1.2017],[36.8639,-1.1904],[36.8705,-1.1945],[36.8785,-1.1964],[36.8859,-1.1959],[36.8969,-1.1923],[36.8953,-1.1837],[36.8891,-1.1743],[36.8947,-1.1685],[36.8977,-1.1625],[36.9046,-1.1607]]]}},{"type":"Feature","properties":{"name":"Mombasa","countyCode":1},"geometry":{"type":"Polygon","coordinates":[[[39.6831,-4.0607],[39.6809,-4.0623],[39.6823,-4.07],[39.6801,-4.0731],[39.6749,-4.0753],[39.6731,-4.0783],[39.6655,-4.0791],[39.6629,-4.0822],[39.6743,-4.0844],[39.6739,-4.0961],[39.6553,-4.1293],[39.6509,-4.1422],[39.6445,-4.1536],[39.6409,-4.1535],[39.6275,-4.1447],[39.6313,-4.137],[39.6335,-4.1267],[39.6373,-4.1243],[39.6385,-4.1212],[39.6339,-4.1196],[39.6277,-4.1105],[39.6087,-4.0897],[39.6053,-4.0983],[39.5995,-4.1029],[39.6009,-4.1102],[39.5971,-4.1156],[39.5925,-4.1162],[39.5879,-4.1196],[39.5765,-4.1223],[39.5837,-4.1124],[39.5853,-4.1046],[39.5795,-4.0892],[39.5795,-4.0482],[39.5815,-4.0385],[39.5785,-4.033],[39.5631,-4.022],[39.5643,-4.0156],[39.5679,-4.0109],[39.5697,-3.9978],[39.5747,-3.9855],[39.5705,-3.9821],[39.5703,-3.9777],[39.5833,-3.9724],[39.5843,-3.9678],[39.5977,-3.9545],[39.6011,-3.9533],[39.6073,-3.9577],[39.6087,-3.9605],[39.6203,-3.9591],[39.6273,-3.9655],[39.6413,-3.96],[39.6499,-3.9608],[39.6471,-3.9556],[39.6475,-3.9519],[39.6537,-3.9476],[39.6507,-3.9451],[39.6505,-3.9379],[39.6467,-3.9368],[39.6431,-3.9331],[39.6431,-3.9282],[39.6507,-3.9254],[39.6729,-3.9227],[39.6769,-3.9243],[39.6893,-3.9259],[39.6955,-3.9227],[39.6993,-3.9232],[39.6989,-3.9395],[39.7029,-3.9456],[39.7149,-3.9526],[39.7317,-3.9556],[39.7351,-3.9522],[39.7449,-3.9578],[39.7621,-3.9611],[39.7613,-3.9641],[39.7525,-3.9716],[39.7353,-3.9937],[39.7315,-4.0054],[39.7269,-4.0081],[39.7269,-4.0123],[39.7307,-4.0198],[39.7211,-4.0302],[39.7031,-4.0581],[39.6955,-4.0631],[39.6915,-4.0637],[39.6867,-4.0634],[39.6831,-4.0607]],[[39.6831,-4.0607],[39.6835,-4.0582],[39.6813,-4.0573],[39.6831,-4.0607]],[[39.6805,-4.0487],[39.6801,-4.0477],[39.6787,-4.0518],[39.6803,-4.0551],[39.6817,-4.052],[39.6805,-4.0487]]]}},{"type":"Feature","properties":{"name":"Kwale","countyCode":2},"geometry":{"type":"Polygon","coordinates":[[[39.3209,-3.5704],[39.3193,-3.5751],[39.3203,-3.5794],[39.3257,-3.5867],[39.3311,-3.5914],[39.3461,-3.5983],[39.3477,-3.6008],[39.3473,-3.6254],[39.3447,-3.6351],[39.3453,-3.6386],[39.3529,-3.6428],[39.3569,-3.6566],[39.3547,-3.6629],[39.3555,-3.6719],[39.3539,-3.6762],[39.3539,-3.6912],[39.3525,-3.6943],[39.3491,-3.6945],[39.3477,-3.7025],[39.3591,-3.7227],[39.3585,-3.7294],[39.3641,-3.7363],[39.3769,-3.7429],[39.3887,-3.7393],[39.3919,-3.7401],[39.3919,-3.7465],[39.3949,-3.7531],[39.3951,-3.7573],[39.3921,-3.7698],[39.3841,-3.7739],[39.3851,-3.7769],[39.3895,-3.7782],[39.3903,-3.7844],[39.3875,-3.7872],[39.3839,-3.788],[39.3799,-3.7929],[39.3787,-3.7966],[39.3819,-3.7996],[39.3799,-3.8095],[39.3901,-3.8189],[39.3939,-3.8201],[39.3981,-3.8259],[39.4011,-3.8273],[39.4041,-3.8239],[39.4111,-3.8259],[39.4133,-3.8231],[39.4169,-3.8225],[39.4207,-3.8242],[39.4223,-3.8281],[39.4349,-3.8352],[39.4369,-3.8394],[39.4515,-3.8557],[39.4591,-3.8571],[39.4683,-3.862],[39.4853,-3.8826],[39.4947,-3.8867],[39.4981,-3.8901],[39.5007,-3.9047],[39.5029,-3.9069],[39.5079,-3.9082],[39.5131,-3.914],[39.5193,-3.9168],[39.5213,-3.9193],[39.5207,-3.9232],[39.5235,-3.9312],[39.5277,-3.9329],[39.5309,-3.9382],[39.5283,-3.9487],[39.5319,-3.9542],[39.5399,-3.9594],[39.5459,-3.9599],[39.5471,-3.9625],[39.5483,-3.9708],[39.5465,-3.9788],[39.5409,-3.9899],[39.5423,-3.9929],[39.5461,-3.9949],[39.5517,-3.9879],[39.5551,-3.9866],[39.5623,-3.9888],[39.5693,-3.9937],[39.5697,-3.9978],[39.5689,-4.0073],[39.5679,-4.0109],[39.5643,-4.0159],[39.5631,-4.022],[39.5673,-4.0261],[39.5747,-4.0297],[39.5811,-4.0369],[39.5795,-4.0482],[39.5795,-4.0892],[39.5853,-4.1046],[39.5837,-4.1124],[39.5763,-4.1221],[39.5879,-4.1196],[39.5925,-4.1162],[39.5971,-4.1156],[39.6009,-4.1102],[39.5995,-4.1029],[39.6053,-4.0983],[39.6085,-4.0902],[39.6277,-4.1105],[39.6323,-4.1181],[39.6385,-4.1212],[39.6373,-4.1243],[39.6335,-4.1267],[39.6313,-4.137],[39.6275,-4.1447],[39.6647,-4.169],[39.7393,-4.1983],[39.6125,-4.4885],[39.5483,-4.5722],[39.3815,-4.7598],[39.3151,-4.8013],[39.2837,-4.7587],[39.2167,-4.6793],[39.2123,-4.6776],[39.2075,-4.6782],[39.2025,-4.6698],[39.1989,-4.6683],[39.1929,-4.6688],[39.1907,-4.6597],[38.4467,-4.1406],[38.8351,-4.0009],[38.9467,-3.9622],[39.0355,-3.7617],[38.9311,-3.6983],[38.9691,-3.6361],[39.0499,-3.6831],[39.0571,-3.686],[39.0879,-3.572],[39.2833,-3.572],[39.3031,-3.5714],[39.3189,-3.567],[39.3209,-3.5704]]]}},{"type":"Feature","properties":{"name":"Kilifi","countyCode":3},"geometry":{"type":"Polygon","coordinates":[[[39.7111,-3.9111],[39.7021,-3.9124],[39.6981,-3.9185],[39.6931,-3.9141],[39.6903,-3.9254],[39.6769,-3.9243],[39.6727,-3.9226],[39.6507,-3.9254],[39.6431,-3.9282],[39.6409,-3.9321],[39.6459,-3.9365],[39.6499,-3.9376],[39.6509,-3.9459],[39.6537,-3.9475],[39.6475,-3.9519],[39.6465,-3.9553],[39.6491,-3.9589],[39.6413,-3.96],[39.6273,-3.9655],[39.6203,-3.9589],[39.6111,-3.9613],[39.6011,-3.9533],[39.5969,-3.9555],[39.5843,-3.9678],[39.5833,-3.9724],[39.5703,-3.9777],[39.5705,-3.9821],[39.5751,-3.986],[39.5691,-3.9935],[39.5623,-3.9888],[39.5551,-3.9866],[39.5517,-3.9879],[39.5461,-3.9949],[39.5423,-3.9929],[39.5409,-3.9899],[39.5465,-3.9783],[39.5489,-3.9658],[39.5471,-3.9625],[39.5459,-3.9599],[39.5399,-3.9594],[39.5319,-3.9542],[39.5283,-3.9461],[39.5307,-3.9357],[39.5277,-3.9326],[39.5237,-3.9315],[39.5207,-3.9232],[39.5221,-3.9191],[39.5193,-3.9168],[39.5131,-3.914],[39.5079,-3.9082],[39.5029,-3.9069],[39.5007,-3.9047],[39.4981,-3.8901],[39.4947,-3.8867],[39.4863,-3.8834],[39.4683,-3.862],[39.4591,-3.8571],[39.4515,-3.8557],[39.4369,-3.8394],[39.4349,-3.8352],[39.4223,-3.8281],[39.4207,-3.8242],[39.4155,-3.8225],[39.4079,-3.8259],[39.4045,-3.8237],[39.4011,-3.8273],[39.3981,-3.8259],[39.3939,-3.8201],[39.3901,-3.8189],[39.3801,-3.8085],[39.3819,-3.7996],[39.3787,-3.7966],[39.3799,-3.7929],[39.3839,-3.788],[39.3875,-3.7872],[39.3903,-3.7844],[39.3895,-3.7782],[39.3851,-3.7769],[39.3841,-3.7739],[39.3921,-3.7698],[39.3955,-3.7551],[39.3925,-3.7495],[39.3919,-3.7465],[39.3919,-3.7401],[39.3887,-3.7393],[39.3759,-3.7424],[39.3641,-3.7363],[39.3587,-3.7294],[39.3591,-3.7227],[39.3477,-3.7025],[39.3491,-3.6945],[39.3525,-3.6943],[39.3537,-3.6911],[39.3539,-3.6763],[39.3557,-3.6702],[39.3547,-3.6636],[39.3569,-3.6566],[39.3531,-3.6425],[39.3507,-3.6398],[39.3469,-3.6394],[39.3445,-3.6356],[39.3477,-3.6223],[39.3477,-3.6008],[39.3461,-3.5983],[39.3305,-3.591],[39.3257,-3.5867],[39.3189,-3.5778],[39.3209,-3.5704],[39.3189,-3.567],[39.3041,-3.5709],[39.2895,-3.5719],[39.2833,-3.572],[39.0879,-3.572],[39.2139,-3.0916],[39.2175,-3.0784],[39.2235,-3.0683],[39.2291,-3.0623],[39.2801,-3.0031],[39.5061,-2.7507],[39.8929,-2.3117],[40.1799,-2.7183],[40.1923,-2.7362],[40.1881,-2.7343],[40.1885,-2.7374],[40.1945,-2.7409],[40.1953,-2.7437],[40.1849,-2.773],[40.1877,-2.7782],[40.1847,-2.8021],[40.1867,-2.8054],[40.1857,-2.8198],[40.1807,-2.8397],[40.1721,-2.8585],[40.1729,-2.8649],[40.1713,-2.8801],[40.1743,-2.8869],[40.1647,-2.9257],[40.1655,-2.9489],[40.1677,-2.9534],[40.1735,-2.9584],[40.1901,-2.9859],[40.1981,-2.9862],[40.2007,-2.9907],[40.2077,-2.9935],[40.2175,-2.9915],[40.2335,-2.9793],[40.2371,-2.9785],[40.2399,-2.9799],[40.2407,-2.9857],[40.2383,-2.9942],[40.2339,-2.9932],[40.2227,-3.002],[40.2113,-3.0047],[40.2045,-3.0087],[40.1979,-3.017],[40.1953,-3.0311],[40.1823,-3.0358],[40.1769,-3.0402],[40.1717,-3.0482],[40.1703,-3.0612],[40.1733,-3.064],[40.1747,-3.0683],[40.1723,-3.0726],[40.1601,-3.0803],[40.1563,-3.0899],[40.1595,-3.0982],[40.1637,-3.1268],[40.1631,-3.134],[40.1535,-3.1475],[40.1441,-3.1663],[40.1413,-3.1679],[40.1399,-3.1718],[40.1255,-3.1904],[40.1211,-3.2033],[40.1213,-3.2094],[40.1291,-3.2266],[40.1265,-3.2479],[40.1327,-3.2561],[40.1307,-3.263],[40.1251,-3.2714],[40.1241,-3.2747],[40.1255,-3.2786],[40.1195,-3.2915],[40.1081,-3.3016],[40.0853,-3.3159],[40.0733,-3.3209],[40.0549,-3.3361],[40.0405,-3.3428],[40.0381,-3.3447],[40.0377,-3.3477],[40.0293,-3.3532],[40.0261,-3.3532],[40.0155,-3.3613],[40.0075,-3.3632],[39.9735,-3.3892],[39.9697,-3.3878],[39.9719,-3.3768],[39.9831,-3.369],[39.9871,-3.3704],[39.9955,-3.3687],[39.9961,-3.3654],[39.9921,-3.366],[39.9901,-3.3577],[39.9925,-3.3537],[39.9917,-3.3505],[39.9837,-3.3342],[39.9875,-3.3261],[39.9949,-3.3209],[39.9955,-3.3165],[39.9903,-3.3178],[39.9863,-3.3208],[39.9737,-3.3217],[39.9511,-3.3316],[39.9497,-3.338],[39.9551,-3.3427],[39.9537,-3.3461],[39.9497,-3.3485],[39.9397,-3.3482],[39.9375,-3.3513],[39.9379,-3.3632],[39.9397,-3.3668],[39.9347,-3.3729],[39.9433,-3.3759],[39.9435,-3.3806],[39.9467,-3.3797],[39.9545,-3.388],[39.9653,-3.3917],[39.9653,-3.3986],[39.9659,-3.4021],[39.9683,-3.4039],[39.9679,-3.4075],[39.9615,-3.4185],[39.9545,-3.4371],[39.9423,-3.4603],[39.9335,-3.4815],[39.9273,-3.4917],[39.9211,-3.5164],[39.9019,-3.5692],[39.8717,-3.6315],[39.8659,-3.6375],[39.8449,-3.6333],[39.8391,-3.6268],[39.8299,-3.6218],[39.8241,-3.6124],[39.8169,-3.6077],[39.7991,-3.6063],[39.7915,-3.6085],[39.7849,-3.6132],[39.7893,-3.6154],[39.8041,-3.6148],[39.8069,-3.621],[39.811,-3.6247],[39.8115,-3.6323],[39.8075,-3.6276],[39.7964,-3.6308],[39.7941,-3.63],[39.7917,-3.6232],[39.7864,-3.6231],[39.7865,-3.6243],[39.7891,-3.6279],[39.7917,-3.6286],[39.7912,-3.6316],[39.7993,-3.6428],[39.8031,-3.6433],[39.8115,-3.6483],[39.8213,-3.6466],[39.8229,-3.6433],[39.8291,-3.6381],[39.8387,-3.6337],[39.8455,-3.6381],[39.8497,-3.6373],[39.8607,-3.6411],[39.8675,-3.6539],[39.8689,-3.6687],[39.8663,-3.6768],[39.8637,-3.6785],[39.8685,-3.6818],[39.8703,-3.6995],[39.8623,-3.7135],[39.8615,-3.7216],[39.8577,-3.7274],[39.8549,-3.741],[39.8449,-3.765],[39.8431,-3.7767],[39.8317,-3.8079],[39.8289,-3.8259],[39.8067,-3.8734],[39.7879,-3.9077],[39.7745,-3.9425],[39.7659,-3.9526],[39.7575,-3.9548],[39.7523,-3.958],[39.7461,-3.9567],[39.7363,-3.9501],[39.7303,-3.9536],[39.7151,-3.9517],[39.7093,-3.944],[39.7093,-3.937],[39.7041,-3.9335],[39.7015,-3.9268],[39.7111,-3.9111]],[[39.7111,-3.9111],[39.7159,-3.905],[39.7161,-3.9013],[39.7121,-3.9005],[39.7095,-3.9025],[39.7111,-3.9111]]]}},{"type":"Feature","properties":{"name":"Tana River","countyCode":4},"geometry":{"type":"Polygon","coordinates":[[[39.0281,-0.004],[39.0523,-0.0075],[39.0723,-0.0054],[39.0813,-0.0068],[39.0873,-0.0089],[39.0911,-0.0106],[39.0951,-0.0131],[39.0989,-0.0167],[39.1115,-0.0346],[39.1397,-0.069],[39.1485,-0.0767],[39.1559,-0.0808],[39.1593,-0.082],[39.1731,-0.0847],[39.1863,-0.0907],[39.1975,-0.093],[39.2287,-0.0878],[39.2319,-0.0878],[39.2619,-0.0955],[39.2945,-0.0938],[39.3127,-0.0902],[39.3271,-0.0921],[39.3301,-0.093],[39.3363,-0.0966],[39.3627,-0.1168],[39.3875,-0.1276],[39.4081,-0.1467],[39.4321,-0.1475],[39.4367,-0.1481],[39.4449,-0.1505],[39.4483,-0.1521],[39.4567,-0.1577],[39.4691,-0.1688],[39.4729,-0.1716],[39.4821,-0.1768],[39.4873,-0.1812],[39.5105,-0.2048],[39.5291,-0.2177],[39.5331,-0.2224],[39.5453,-0.2465],[39.5523,-0.2509],[39.5661,-0.2559],[39.5821,-0.2692],[39.5881,-0.2769],[39.5999,-0.2985],[39.6183,-0.3128],[39.6269,-0.3217],[39.6267,-0.4334],[39.6279,-0.452],[39.6369,-0.4611],[39.6317,-0.4755],[39.6321,-0.4915],[39.6335,-0.4951],[39.6933,-0.4956],[39.7047,-0.5072],[39.7103,-0.5175],[39.7179,-0.5222],[39.7235,-0.528],[39.7269,-0.5366],[39.7261,-0.5446],[39.7283,-0.5477],[39.7475,-0.5455],[39.7581,-0.5495],[39.7737,-0.5623],[39.8099,-0.5841],[39.8189,-0.5961],[39.8211,-0.6013],[39.8217,-0.6043],[39.8221,-0.6109],[39.8205,-0.6217],[39.8205,-0.6265],[39.8219,-0.63],[39.8235,-0.6331],[39.8335,-0.6431],[39.8415,-0.6553],[39.8439,-0.6743],[39.8565,-0.6942],[39.8583,-0.7031],[39.8585,-0.7193],[39.8683,-0.737],[39.8685,-0.7457],[39.8633,-0.7615],[39.8653,-0.7667],[39.8799,-0.788],[39.8907,-0.8197],[39.9015,-0.8358],[39.9039,-0.849],[39.9043,-0.8729],[39.9061,-0.8797],[39.9037,-0.8927],[39.9043,-0.8974],[39.9057,-0.9016],[39.9135,-0.9088],[39.9203,-0.9205],[39.9263,-0.9417],[39.9353,-0.9586],[39.9383,-0.9677],[39.9395,-0.9805],[39.9355,-1.0062],[39.9471,-1.0241],[39.9689,-1.0708],[39.9971,-1.1228],[40.0107,-1.1619],[40.0395,-1.2022],[40.0515,-1.2396],[40.0573,-1.2511],[40.0575,-1.2728],[40.0507,-1.2996],[40.0503,-1.3184],[40.0615,-1.3416],[40.0637,-1.3582],[40.0849,-1.4489],[40.0867,-1.47],[40.0883,-1.4788],[40.0903,-1.4854],[40.1059,-1.5111],[40.1105,-1.5386],[40.1189,-1.5612],[40.1257,-1.5714],[40.1401,-1.5847],[40.1475,-1.5943],[40.1529,-1.6055],[40.1559,-1.6162],[40.1605,-1.6486],[40.1607,-1.6561],[40.1583,-1.6881],[40.1593,-1.702],[40.1699,-1.7222],[40.1713,-1.7305],[40.1701,-1.7373],[40.1585,-1.7647],[40.1599,-1.7869],[40.1631,-1.8042],[40.1637,-1.8248],[40.1673,-1.835],[40.1835,-1.856],[40.1887,-1.8685],[40.1877,-1.9053],[40.1903,-1.9321],[40.1899,-1.9439],[40.1869,-1.957],[40.1873,-1.9633],[40.1981,-1.9852],[40.1969,-2.0009],[40.1979,-2.004],[40.2069,-2.0191],[40.2119,-2.0338],[40.2511,-2.2506],[40.2513,-2.3992],[40.2561,-2.4005],[40.2999,-2.4016],[40.3459,-2.4011],[40.3495,-2.4032],[40.3499,-2.4082],[40.3585,-2.4172],[40.3685,-2.421],[40.3725,-2.4251],[40.3817,-2.4243],[40.3867,-2.4293],[40.3921,-2.4296],[40.4007,-2.4332],[40.4043,-2.4315],[40.4081,-2.4323],[40.4125,-2.4268],[40.4267,-2.4234],[40.4277,-2.4201],[40.4347,-2.4187],[40.4359,-2.416],[40.4443,-2.4104],[40.4463,-2.4058],[40.4437,-2.4025],[40.4491,-2.4033],[40.6631,-2.4686],[40.6669,-2.4691],[40.7317,-2.4602],[40.7299,-2.4627],[40.7053,-2.4771],[40.6869,-2.4904],[40.6675,-2.5092],[40.6435,-2.5382],[40.6119,-2.559],[40.6071,-2.5604],[40.6023,-2.5596],[40.5957,-2.5565],[40.5741,-2.5518],[40.5599,-2.5422],[40.5391,-2.5363],[40.5237,-2.5272],[40.5149,-2.5242],[40.5149,-2.5267],[40.5213,-2.5319],[40.4903,-2.5344],[40.4463,-2.5452],[40.3921,-2.5676],[40.3705,-2.5783],[40.3535,-2.5888],[40.3461,-2.5902],[40.3427,-2.5921],[40.3413,-2.595],[40.2961,-2.6253],[40.2713,-2.6459],[40.2635,-2.6499],[40.2625,-2.6533],[40.2279,-2.6898],[40.2061,-2.7213],[40.1989,-2.7343],[40.1951,-2.7365],[40.1799,-2.7183],[39.8929,-2.3117],[39.5061,-2.7507],[39.2801,-3.0031],[39.2291,-3.0623],[39.2235,-3.0683],[39.2197,-3.0698],[39.2155,-3.0676],[39.2079,-3.0684],[39.1965,-3.0637],[39.1883,-3.0657],[39.1831,-3.0648],[39.1797,-3.0604],[39.1759,-3.0598],[39.1711,-3.0673],[39.1677,-3.0687],[39.1649,-3.0676],[39.1643,-3.0632],[39.1537,-3.0479],[39.1505,-3.0474],[39.1443,-3.0507],[39.1407,-3.0441],[39.1361,-3.0444],[39.1343,-3.0421],[39.1349,-3.0382],[39.1303,-3.0224],[39.1263,-3.0219],[39.1141,-3.0267],[39.1031,-3.0402],[39.0901,-3.0462],[39.0895,-3.0531],[39.0861,-3.0557],[39.0819,-3.0532],[39.0791,-3.0446],[38.6249,-2.4146],[38.6279,-2.4138],[38.6323,-2.4151],[38.6349,-2.4187],[38.6385,-2.418],[38.6477,-2.4207],[38.6611,-2.4204],[38.6869,-2.4152],[38.6961,-2.4119],[38.7045,-2.4063],[38.7057,-2.4025],[38.7135,-2.3994],[38.7179,-2.3928],[38.7225,-2.3909],[38.7239,-2.3881],[38.7339,-2.3804],[38.7355,-2.3731],[38.7395,-2.3668],[38.7457,-2.3671],[38.7573,-2.3637],[38.7639,-2.3577],[38.7697,-2.3558],[38.7831,-2.3571],[38.7871,-2.3552],[38.7901,-2.3466],[38.7967,-2.3435],[38.8007,-2.3381],[39.0003,-1.9483],[39.0157,-1.9177],[39.0139,-1.9149],[38.9599,-1.7042],[38.9699,-1.6973],[38.9791,-1.694],[38.9813,-1.6915],[38.9885,-1.6915],[38.9907,-1.6887],[38.9965,-1.6859],[38.9987,-1.6821],[38.9975,-1.6353],[38.9623,-1.0546],[38.8069,-0.7288],[38.6785,-0.5128],[38.6633,-0.4852],[38.6343,-0.4357],[38.4227,-0.0748],[38.4269,-0.0775],[38.4309,-0.0789],[38.4343,-0.0786],[38.4379,-0.075],[38.4525,-0.0867],[38.4571,-0.0886],[38.4611,-0.0883],[38.4725,-0.0817],[38.4835,-0.0784],[38.4883,-0.0726],[38.4899,-0.0634],[38.4935,-0.062],[38.5027,-0.0659],[38.5111,-0.0623],[38.5195,-0.0654],[38.5225,-0.0645],[38.5269,-0.0595],[38.5307,-0.0581],[38.5305,-0.0476],[38.5411,-0.0459],[38.5427,-0.0352],[38.5485,-0.0233],[38.5517,-0.0205],[38.5551,-0.0197],[38.5617,-0.022],[38.5707,-0.0222],[38.5797,-0.0269],[38.5893,-0.0289],[38.5921,-0.0321],[38.6015,-0.0366],[38.6081,-0.0327],[38.6123,-0.0327],[38.6275,-0.0452],[38.6367,-0.0559],[38.6397,-0.0571],[38.6483,-0.0562],[38.6557,-0.049],[38.6771,-0.0574],[38.6829,-0.0573],[38.6853,-0.0535],[38.6859,-0.0463],[38.6889,-0.0437],[38.6973,-0.0529],[38.7143,-0.065],[38.7269,-0.067],[38.7373,-0.0726],[38.7495,-0.0748],[38.7585,-0.0758],[38.7665,-0.0715],[38.7613,-0.0672],[38.7609,-0.0634],[38.7649,-0.0568],[38.7617,-0.0532],[38.7531,-0.0499],[38.7519,-0.0463],[38.7533,-0.0421],[38.7503,-0.036],[38.7495,-0.033],[38.7539,-0.0299],[38.7617,-0.0286],[38.7775,-0.0289],[38.7929,-0.0346],[38.8005,-0.0393],[38.8229,-0.046],[38.8349,-0.0515],[38.8541,-0.0496],[38.8665,-0.0531],[38.8781,-0.0538],[38.8843,-0.0537],[38.9009,-0.0455],[38.9115,-0.0426],[38.9383,-0.0455],[38.9491,-0.031],[38.9621,-0.0209],[38.9727,-0.015],[38.9825,-0.0117],[39.0001,-0.0075],[39.0103,-0.0056],[39.0281,-0.004]]]}},{"type":"Feature","properties":{"name":"Lamu","countyCode":5},"geometry":{"type":"Polygon","coordinates":[[[41.0779,-2.3825],[40.8061,-2.5977],[40.7531,-2.458],[40.7423,-2.4575],[40.6669,-2.4691],[40.6631,-2.4686],[40.4491,-2.4033],[40.4445,-2.403],[40.4463,-2.4058],[40.4443,-2.4104],[40.4359,-2.416],[40.4347,-2.4188],[40.4277,-2.4201],[40.4255,-2.4238],[40.4167,-2.4254],[40.4119,-2.4273],[40.4091,-2.4312],[40.4029,-2.4313],[40.4007,-2.4332],[40.3921,-2.4296],[40.3867,-2.4293],[40.3817,-2.4243],[40.3725,-2.4251],[40.3685,-2.421],[40.3585,-2.4172],[40.3499,-2.408],[40.3495,-2.4032],[40.3459,-2.4011],[40.2517,-2.4003],[40.2511,-2.2506],[40.2131,-2.0399],[40.2183,-2.0368],[40.4039,-1.9497],[40.5009,-1.9091],[40.5177,-1.9013],[40.6949,-1.8153],[40.7361,-1.7969],[40.7469,-1.7902],[40.8935,-1.7186],[41.5337,-1.6622],[41.5631,-1.661],[41.5693,-1.7377],[41.5697,-1.7857],[41.5653,-1.8494],[41.3495,-2.1373],[41.1621,-2.3157],[41.0779,-2.3825]]]}},{"type":"Feature","properties":{"name":"Taita Taveta","countyCode":6},"geometry":{"type":"Polygon","coordinates":[[[38.1739,-2.6998],[38.1849,-2.705],[38.2475,-2.7501],[38.2581,-2.7598],[38.2791,-2.7841],[38.3009,-2.8159],[38.3187,-2.8342],[38.3395,-2.8684],[38.3647,-2.9028],[38.3861,-2.923],[38.3937,-2.9285],[38.3971,-2.9295],[38.4051,-2.9282],[38.4093,-2.9296],[38.4307,-2.9581],[38.4469,-2.9722],[38.4571,-2.991],[38.4601,-2.994],[38.4683,-2.989],[38.4767,-2.9879],[38.4889,-2.9813],[38.4925,-2.9854],[38.4957,-2.986],[38.5111,-2.9854],[38.5227,-2.9771],[38.5303,-2.978],[38.5393,-2.9763],[38.5445,-2.9818],[38.5509,-2.983],[38.5615,-2.9888],[38.5835,-2.9896],[38.5943,-3.0011],[38.6023,-3.0011],[38.6089,-2.9974],[38.6071,-3.0068],[38.6101,-3.0092],[38.6177,-3.0122],[38.6429,-3.015],[38.6543,-3.0272],[38.6621,-3.0318],[38.6635,-3.0377],[38.6667,-3.041],[38.6807,-3.0377],[38.6845,-3.0374],[38.6953,-3.038],[38.7049,-3.0344],[38.7093,-3.0344],[38.7257,-3.0397],[38.7343,-3.0446],[38.7577,-3.049],[38.7741,-3.0457],[38.7793,-3.0501],[38.7895,-3.0502],[38.7977,-3.0537],[38.8101,-3.056],[38.8099,-3.0598],[38.8067,-3.0615],[38.8025,-3.0603],[38.7993,-3.0621],[38.7987,-3.0659],[38.8007,-3.069],[38.8053,-3.0708],[38.8183,-3.0697],[38.8261,-3.0637],[38.8369,-3.0612],[38.8427,-3.0559],[38.8455,-3.0573],[38.8479,-3.0629],[38.8631,-3.0598],[38.8915,-3.0413],[38.8955,-3.0402],[38.9003,-3.0413],[38.9037,-3.0446],[38.9151,-3.0454],[38.9255,-3.0424],[38.9327,-3.0421],[38.9375,-3.0369],[38.9527,-3.0407],[38.9749,-3.0419],[38.9783,-3.0413],[38.9873,-3.0349],[38.9921,-3.0285],[39.0135,-3.0278],[39.0191,-3.0269],[39.0251,-3.0235],[39.0281,-3.0233],[39.0381,-3.0272],[39.0455,-3.0245],[39.0461,-3.0327],[39.0547,-3.0361],[39.0621,-3.043],[39.0659,-3.0437],[39.0761,-3.0432],[39.0793,-3.0446],[39.0819,-3.0532],[39.0861,-3.0557],[39.0895,-3.0531],[39.0901,-3.0462],[39.1031,-3.0402],[39.1141,-3.0267],[39.1263,-3.0219],[39.1303,-3.0224],[39.1349,-3.0382],[39.1343,-3.0421],[39.1361,-3.0444],[39.1407,-3.0441],[39.1443,-3.0507],[39.1517,-3.0473],[39.1561,-3.0507],[39.1643,-3.0632],[39.1649,-3.0676],[39.1677,-3.0687],[39.1711,-3.0673],[39.1759,-3.0598],[39.1797,-3.0604],[39.1831,-3.0648],[39.1883,-3.0657],[39.1965,-3.0637],[39.2079,-3.0684],[39.2155,-3.0676],[39.2199,-3.0693],[39.1221,-3.4356],[39.1031,-3.5142],[39.0571,-3.686],[39.0499,-3.6831],[38.9691,-3.6361],[38.9311,-3.6983],[39.0355,-3.7617],[38.9467,-3.9619],[38.8351,-4.0009],[38.4461,-4.1401],[38.0615,-3.8684],[38.0167,-3.8389],[37.7857,-3.6768],[37.7755,-3.6516],[37.7739,-3.6439],[37.7787,-3.6478],[37.7847,-3.6478],[37.7843,-3.6364],[37.7761,-3.6131],[37.7727,-3.5925],[37.7705,-3.5894],[37.7675,-3.5764],[37.7645,-3.5728],[37.7645,-3.5844],[37.7625,-3.5886],[37.7605,-3.5864],[37.7601,-3.5742],[37.7575,-3.572],[37.7543,-3.5747],[37.7499,-3.5684],[37.7471,-3.5504],[37.7441,-3.5438],[37.7277,-3.5399],[37.7195,-3.5314],[37.7003,-3.5294],[37.6951,-3.5274],[37.6873,-3.517],[37.6793,-3.5139],[37.6751,-3.5075],[37.6721,-3.5056],[37.6651,-3.5054],[37.6573,-3.5092],[37.6545,-3.5125],[37.6445,-3.5186],[37.6369,-3.5197],[37.6213,-3.5255],[37.6165,-3.5258],[37.6069,-3.5228],[37.6043,-3.5189],[37.6075,-3.51],[37.6075,-3.5056],[37.6109,-3.5032],[37.6203,-3.4901],[37.6245,-3.4882],[37.6261,-3.4854],[37.6251,-3.4729],[37.6233,-3.4672],[37.6199,-3.4655],[37.6179,-3.4619],[37.6095,-3.4633],[37.5961,-3.4597],[37.5863,-3.4622],[37.5851,-3.4406],[37.6187,-3.4027],[37.6423,-3.3811],[37.6639,-3.3585],[37.6807,-3.3566],[37.6851,-3.351],[37.6857,-3.3231],[37.6899,-3.3237],[37.6921,-3.3266],[37.7019,-3.3264],[37.7113,-3.317],[37.7123,-3.3123],[37.6927,-3.1776],[37.7923,-3.1735],[37.7961,-3.1754],[37.8011,-3.1716],[37.8055,-3.1707],[37.8125,-3.1712],[37.8195,-3.1768],[37.8233,-3.1779],[37.8347,-3.1892],[37.8399,-3.1889],[37.8441,-3.1871],[37.8533,-3.1812],[37.8537,-3.1743],[37.8553,-3.1718],[37.8547,-3.0894],[37.8571,-3.0819],[37.8665,-3.0817],[37.8713,-3.08],[37.8951,-2.8881],[37.9185,-2.8709],[37.9381,-2.7733],[37.9751,-2.7899],[38.1027,-2.7207],[38.1103,-2.7178],[38.1173,-2.7128],[38.1185,-2.7084],[38.1279,-2.7014],[38.1311,-2.7003],[38.1513,-2.7011],[38.1575,-2.6969],[38.1615,-2.6831],[38.1631,-2.6954],[38.1685,-2.6965],[38.1739,-2.6998]]]}},{"type":"Feature","properties":{"name":"Garissa","countyCode":7},"geometry":{"type":"Polygon","coordinates":[[[39.6122,0.6866],[39.6139,0.683],[39.6235,0.6755],[39.6275,0.6678],[39.6363,0.6639],[39.6453,0.6556],[39.6549,0.6288],[39.6645,0.6128],[39.6753,0.6003],[39.6807,0.5895],[39.6863,0.5838],[39.6895,0.5773],[39.6985,0.5701],[39.7005,0.5654],[39.7163,0.5489],[39.7183,0.5439],[39.7217,0.5434],[39.7241,0.5406],[39.7343,0.5224],[39.7401,0.5209],[39.7463,0.5159],[39.7615,0.5096],[39.7651,0.5041],[39.7735,0.498],[39.7757,0.4942],[39.7843,0.4891],[39.7953,0.4863],[39.8015,0.482],[39.8121,0.4825],[39.8221,0.4808],[39.8293,0.4776],[39.8379,0.4789],[39.8407,0.4767],[39.8491,0.4762],[39.8531,0.4747],[39.8589,0.4676],[39.8749,0.4573],[39.8785,0.4573],[39.8871,0.4612],[39.9049,0.4609],[39.9485,0.4252],[39.9797,0.4078],[40.0141,0.3968],[40.0437,0.3951],[40.0587,0.3912],[40.0949,0.3666],[40.1307,0.3396],[40.1601,0.3251],[40.1817,0.305],[40.2151,0.267],[40.2307,0.2532],[40.2365,0.2488],[40.2447,0.2433],[40.2603,0.2349],[40.3005,0.2173],[40.3287,0.1985],[40.3335,0.1966],[40.3427,0.1946],[40.3573,0.1963],[40.3663,0.1957],[40.3745,0.1943],[40.3791,0.1932],[40.3829,0.1916],[40.3971,0.1827],[40.3999,0.1816],[40.4061,0.181],[40.4263,0.1874],[40.4533,0.183],[40.4759,0.1838],[40.4793,0.1843],[40.4821,0.185],[40.4855,0.1871],[40.4965,0.1946],[40.4995,0.1943],[40.5055,0.1902],[40.5089,0.1927],[40.5145,0.2062],[40.5219,0.2125],[40.5237,0.2175],[40.5275,0.2212],[40.5353,0.2247],[40.5403,0.2247],[40.5635,0.2139],[40.5733,0.2132],[40.5775,0.2153],[40.5871,0.2131],[40.5975,0.2234],[40.6071,0.224],[40.6121,0.2297],[40.6299,0.2303],[40.6457,0.2289],[40.6509,0.2311],[40.6819,0.2546],[40.6839,0.2573],[40.6847,0.2681],[40.6955,0.2753],[40.7047,0.2912],[40.7125,0.3124],[40.7187,0.3188],[40.7375,0.3238],[40.7455,0.3345],[40.7529,0.3411],[40.7709,0.3505],[40.8191,0.3635],[40.8427,0.3678],[40.8587,0.3735],[40.8867,0.3888],[40.9177,0.4194],[40.9235,0.4234],[40.9463,0.4336],[40.9619,0.4443],[40.9801,0.4507],[40.9931,0.4609],[40.9937,-0.8314],[41.2199,-1.1391],[41.5625,-1.5988],[41.5631,-1.6599],[41.5337,-1.6622],[40.8937,-1.7186],[40.5009,-1.9091],[40.4039,-1.9497],[40.2183,-2.0368],[40.2127,-2.0369],[40.2069,-2.0191],[40.1979,-2.004],[40.1969,-2.0009],[40.1981,-1.9852],[40.1873,-1.9635],[40.1869,-1.957],[40.1899,-1.9439],[40.1903,-1.9321],[40.1877,-1.9053],[40.1887,-1.8685],[40.1835,-1.856],[40.1673,-1.835],[40.1637,-1.8248],[40.1629,-1.8032],[40.1599,-1.7869],[40.1585,-1.7647],[40.1701,-1.7373],[40.1713,-1.7305],[40.1699,-1.7222],[40.1593,-1.702],[40.1583,-1.6881],[40.1607,-1.6561],[40.1605,-1.6486],[40.1573,-1.622],[40.1529,-1.6055],[40.1475,-1.5943],[40.1401,-1.5847],[40.1257,-1.5714],[40.1171,-1.5576],[40.1109,-1.5394],[40.1047,-1.5076],[40.0927,-1.4898],[40.0883,-1.4788],[40.0849,-1.4489],[40.0639,-1.3582],[40.0615,-1.3416],[40.0503,-1.3184],[40.0505,-1.3006],[40.0573,-1.2741],[40.0573,-1.2511],[40.0515,-1.2396],[40.0395,-1.2022],[40.0113,-1.163],[39.9971,-1.1228],[39.9689,-1.0708],[39.9471,-1.0241],[39.9355,-1.0062],[39.9395,-0.9805],[39.9383,-0.9677],[39.9353,-0.9586],[39.9263,-0.9417],[39.9203,-0.9205],[39.9135,-0.9088],[39.9057,-0.9016],[39.9043,-0.8974],[39.9037,-0.8927],[39.9061,-0.8797],[39.9043,-0.8729],[39.9039,-0.849],[39.9015,-0.8358],[39.8907,-0.8197],[39.8799,-0.788],[39.8653,-0.7667],[39.8633,-0.7615],[39.8685,-0.7457],[39.8683,-0.737],[39.8585,-0.7193],[39.8583,-0.7031],[39.8565,-0.6942],[39.8439,-0.6743],[39.8411,-0.6542],[39.8235,-0.6331],[39.8219,-0.63],[39.8205,-0.6217],[39.8221,-0.6109],[39.8217,-0.6043],[39.8211,-0.6013],[39.8177,-0.5938],[39.8099,-0.5841],[39.7735,-0.562],[39.7581,-0.5495],[39.7475,-0.5455],[39.7283,-0.5477],[39.7261,-0.5446],[39.7271,-0.5363],[39.7235,-0.528],[39.7179,-0.5222],[39.7103,-0.5175],[39.7047,-0.5072],[39.6933,-0.4956],[39.6335,-0.4951],[39.6321,-0.4915],[39.6317,-0.4755],[39.6333,-0.4685],[39.6379,-0.463],[39.6279,-0.452],[39.6267,-0.4334],[39.6269,-0.3217],[39.6183,-0.3128],[39.5999,-0.2985],[39.5881,-0.2769],[39.5837,-0.2709],[39.5661,-0.2559],[39.5523,-0.2509],[39.5453,-0.2465],[39.5331,-0.2224],[39.5291,-0.2177],[39.5105,-0.2048],[39.4873,-0.1812],[39.4821,-0.1768],[39.4729,-0.1716],[39.4691,-0.1688],[39.4567,-0.1577],[39.4483,-0.1521],[39.4449,-0.1505],[39.4367,-0.1481],[39.4321,-0.1475],[39.4081,-0.1467],[39.3875,-0.1276],[39.3627,-0.1168],[39.3363,-0.0966],[39.3301,-0.093],[39.3271,-0.0921],[39.3127,-0.0902],[39.2959,-0.0935],[39.2619,-0.0955],[39.2319,-0.0878],[39.1975,-0.093],[39.1863,-0.0907],[39.1731,-0.0847],[39.1593,-0.082],[39.1559,-0.0808],[39.1485,-0.0767],[39.1397,-0.069],[39.1115,-0.0346],[39.1019,-0.02],[39.0989,-0.0167],[39.0951,-0.0131],[39.0911,-0.0106],[39.0873,-0.0089],[39.0813,-0.0068],[39.0759,-0.0059],[39.0723,-0.0054],[39.0523,-0.0075],[39.0403,-0.0047],[39.0281,-0.004],[39.0103,-0.0056],[39.0001,-0.0075],[38.9825,-0.0117],[38.9727,-0.015],[38.9673,-0.0164],[38.9621,-0.0209],[38.9491,-0.031],[38.9383,-0.0455],[38.9115,-0.0426],[38.9009,-0.0455],[38.8843,-0.0537],[38.8781,-0.0538],[38.8665,-0.0531],[38.8541,-0.0496],[38.8349,-0.0515],[38.8229,-0.046],[38.8005,-0.0393],[38.7929,-0.0346],[38.7775,-0.0289],[38.7617,-0.0286],[38.7499,-0.0305],[38.7491,-0.0228],[38.7433,-0.0141],[38.7439,-0.0058],[38.7385,0.0016],[38.7405,0.0124],[38.7323,0.0403],[38.7299,0.0636],[38.7295,0.0843],[38.7325,0.0961],[38.7307,0.1163],[38.7353,0.1459],[38.7571,0.1684],[38.7579,0.1816],[38.7137,0.3534],[38.7127,0.3633],[38.7093,0.3714],[38.6919,0.4413],[38.6809,0.4706],[38.6799,0.4742],[38.6769,0.4941],[38.6743,0.4971],[38.6705,0.4991],[38.6667,0.4991],[38.6637,0.5016],[38.6595,0.5057],[38.6617,0.5079],[38.6811,0.5074],[38.6927,0.5093],[38.7041,0.5054],[38.7087,0.5109],[38.7217,0.511],[38.7209,0.5203],[38.7249,0.5232],[38.7357,0.5179],[38.7453,0.5226],[38.7497,0.5229],[38.7531,0.5217],[38.7563,0.5143],[38.7637,0.5109],[38.7667,0.5112],[38.7679,0.5143],[38.7761,0.5174],[38.7835,0.524],[38.7923,0.5389],[38.7997,0.542],[38.8023,0.548],[38.8083,0.5528],[38.8093,0.5571],[38.8177,0.5701],[38.8253,0.5787],[38.8325,0.5834],[38.8393,0.5846],[38.8573,0.5964],[38.8613,0.5981],[38.8713,0.5984],[38.8765,0.5932],[38.8831,0.5947],[38.8911,0.5937],[38.8979,0.5961],[38.9019,0.5948],[38.9125,0.5981],[38.9261,0.6044],[38.9363,0.6227],[38.9399,0.6257],[38.9463,0.6243],[38.9535,0.6255],[38.9621,0.6222],[38.9763,0.6202],[38.9809,0.6205],[38.9867,0.6238],[38.9937,0.6241],[39.0025,0.6222],[39.0109,0.6229],[39.0133,0.6268],[39.0133,0.6365],[39.0151,0.639],[39.0201,0.6393],[39.0233,0.6415],[39.0245,0.6443],[39.0233,0.6534],[39.0263,0.6606],[39.0281,0.6628],[39.0325,0.6628],[39.0357,0.6647],[39.0383,0.6705],[39.0467,0.675],[39.0495,0.6813],[39.0525,0.683],[39.0597,0.6827],[39.0625,0.6807],[39.0663,0.6808],[39.0729,0.6763],[39.0777,0.6766],[39.0845,0.6744],[39.0919,0.6788],[39.0987,0.6786],[39.1005,0.6858],[39.1031,0.6871],[39.1149,0.6888],[39.1317,0.6858],[39.1351,0.688],[39.1417,0.6885],[39.1481,0.7031],[39.1649,0.7118],[39.1679,0.7162],[39.1747,0.7176],[39.1787,0.7233],[39.1763,0.7253],[39.1769,0.7327],[39.1783,0.7413],[39.1811,0.7494],[39.2011,0.787],[39.2159,0.8027],[39.2253,0.8152],[39.2377,0.8418],[39.2503,0.8572],[39.2685,0.8735],[39.3143,0.9225],[39.3365,0.935],[39.3559,0.9487],[39.3963,0.9661],[39.4551,0.9866],[39.4629,0.9919],[39.4689,0.9844],[39.4801,0.9784],[39.4943,0.9568],[39.4985,0.9316],[39.5237,0.8772],[39.5337,0.8511],[39.5443,0.819],[39.5551,0.7784],[39.5595,0.7712],[39.5631,0.7565],[39.5647,0.7532],[39.5767,0.7375],[39.5869,0.719],[39.5975,0.7096],[39.6003,0.701],[39.6122,0.6866]]]}},{"type":"Feature","properties":{"name":"Wajir","countyCode":8},"geometry":{"type":"Polygon","coordinates":[[[39.7859,3.6929],[39.7865,3.3375],[39.7873,3.3338],[39.8083,3.3254],[40.0341,3.2349],[40.0343,3.2312],[40.0443,3.2258],[40.1705,3.0882],[40.2583,2.9861],[40.2707,2.9692],[40.4705,2.8774],[40.4935,2.8652],[40.4957,2.857],[40.4949,2.8531],[40.4977,2.85],[40.4949,2.8401],[40.4957,2.8356],[40.4991,2.8329],[40.4973,2.8259],[40.4991,2.8188],[40.4971,2.8171],[40.4977,2.8143],[40.5019,2.8113],[40.5037,2.8078],[40.4949,2.8],[40.4957,2.7964],[40.5029,2.7925],[40.5017,2.7848],[40.5041,2.7818],[40.5113,2.7803],[40.5135,2.7762],[40.5213,2.7737],[40.5191,2.7715],[40.5185,2.7676],[40.5199,2.7635],[40.5185,2.753],[40.5199,2.7488],[40.5195,2.737],[40.5157,2.7356],[40.5127,2.7327],[40.5099,2.7262],[40.5071,2.7233],[40.5001,2.7195],[40.5009,2.7167],[40.5039,2.712],[40.5201,2.6938],[40.5273,2.6714],[40.5275,2.6636],[40.5363,2.6504],[40.5505,2.6086],[40.5497,2.5998],[40.5545,2.5911],[40.5605,2.5867],[40.5587,2.5762],[40.5635,2.5702],[40.5659,2.5643],[40.5695,2.5627],[40.5763,2.5533],[40.5793,2.5484],[40.5799,2.5278],[40.5975,2.5107],[40.5979,2.5074],[40.5921,2.5007],[40.5945,2.4972],[40.6043,2.4902],[40.6039,2.4794],[40.6141,2.4618],[40.6221,2.4526],[40.6297,2.4474],[40.6325,2.4424],[40.6415,2.436],[40.6453,2.433],[40.6563,2.4313],[40.6623,2.4258],[40.6645,2.4225],[40.6651,2.4075],[40.6665,2.404],[40.6661,2.3887],[40.6755,2.3813],[40.6769,2.3736],[40.6911,2.3661],[40.7111,2.3467],[40.7187,2.3273],[40.7385,2.3116],[40.7467,2.3114],[40.7567,2.3138],[40.7751,2.3116],[40.8017,2.2892],[40.8239,2.2898],[40.8335,2.2856],[40.8579,2.2602],[40.8633,2.2507],[40.8651,2.2385],[40.8679,2.2333],[40.8849,2.214],[40.9209,2.1857],[40.9443,2.1749],[40.9513,2.1736],[40.9915,2.1763],[40.9927,2.1728],[40.9925,1.0196],[40.9887,1.017],[40.9923,0.6907],[40.9931,0.4609],[40.9801,0.4507],[40.9619,0.4443],[40.9463,0.4336],[40.9235,0.4234],[40.9177,0.4194],[40.8867,0.3888],[40.8587,0.3735],[40.8427,0.3678],[40.8191,0.3635],[40.7729,0.3512],[40.7529,0.3411],[40.7455,0.3345],[40.7375,0.3238],[40.7171,0.3179],[40.7125,0.3124],[40.7047,0.2912],[40.6955,0.2753],[40.6847,0.2681],[40.6839,0.2573],[40.6819,0.2546],[40.6509,0.2311],[40.6457,0.2289],[40.6299,0.2303],[40.6121,0.2297],[40.6071,0.224],[40.5975,0.2234],[40.5871,0.2131],[40.5775,0.2153],[40.5733,0.2132],[40.5635,0.2139],[40.5403,0.2247],[40.5353,0.2247],[40.5281,0.2217],[40.5237,0.2175],[40.5219,0.2125],[40.5129,0.2037],[40.5089,0.1927],[40.5055,0.1902],[40.4989,0.1943],[40.4947,0.1943],[40.4855,0.1871],[40.4821,0.185],[40.4793,0.1843],[40.4759,0.1838],[40.4533,0.183],[40.4263,0.1874],[40.4061,0.181],[40.4029,0.1813],[40.3999,0.1816],[40.3971,0.1827],[40.3829,0.1916],[40.3791,0.1932],[40.3663,0.1957],[40.3335,0.1966],[40.3287,0.1985],[40.3005,0.2173],[40.2603,0.2349],[40.2447,0.2433],[40.2365,0.2488],[40.2307,0.2532],[40.2151,0.267],[40.1817,0.305],[40.1601,0.3251],[40.1307,0.3396],[40.0949,0.3666],[40.0587,0.3912],[40.0437,0.3951],[40.0141,0.3968],[39.9797,0.4078],[39.9485,0.4252],[39.9049,0.4609],[39.8871,0.4612],[39.8785,0.4573],[39.8749,0.4573],[39.8589,0.4676],[39.8531,0.4747],[39.8491,0.4762],[39.8407,0.4767],[39.8379,0.4789],[39.8285,0.4775],[39.8221,0.4808],[39.8123,0.4825],[39.8015,0.482],[39.7953,0.4863],[39.7843,0.4891],[39.7753,0.4941],[39.7735,0.4979],[39.7655,0.5038],[39.7631,0.5087],[39.7463,0.5159],[39.7401,0.5209],[39.7343,0.5224],[39.7241,0.5406],[39.7217,0.5434],[39.7183,0.5439],[39.7163,0.5489],[39.7005,0.5654],[39.6987,0.5699],[39.6895,0.5774],[39.6863,0.5838],[39.6807,0.5895],[39.6753,0.6003],[39.6645,0.6128],[39.6559,0.6274],[39.6453,0.6556],[39.6363,0.6639],[39.6275,0.6678],[39.6235,0.6755],[39.6139,0.683],[39.6117,0.6879],[39.6003,0.701],[39.5975,0.7096],[39.5869,0.719],[39.5767,0.7375],[39.5647,0.7532],[39.5631,0.7565],[39.5617,0.766],[39.5595,0.7712],[39.5551,0.7784],[39.5443,0.819],[39.5337,0.8511],[39.5237,0.8772],[39.4985,0.9316],[39.4943,0.9568],[39.4805,0.9778],[39.4689,0.9844],[39.4629,0.9919],[39.4599,1.0027],[39.4449,1.043],[39.4355,1.0622],[39.2849,1.4515],[39.2791,1.4668],[39.2783,1.4717],[39.2867,1.4753],[39.3711,1.5068],[39.4353,1.5276],[39.4479,1.5328],[39.4407,1.5348],[39.4131,1.5577],[39.4043,1.5566],[39.3977,1.5618],[39.3949,1.5704],[39.3879,1.5713],[39.3857,1.5793],[39.3833,1.5823],[39.3775,1.5851],[39.3675,1.6014],[39.3589,1.6108],[39.3521,1.6229],[39.3465,1.6258],[39.3425,1.638],[39.3365,1.638],[39.3317,1.6456],[39.3223,1.6473],[39.3185,1.6554],[39.3163,1.6578],[39.3113,1.6553],[39.3079,1.6656],[39.3001,1.6661],[39.2849,1.6742],[39.2841,1.6777],[39.2719,1.6871],[39.2613,1.686],[39.2457,1.6979],[39.2301,1.7018],[39.2235,1.7059],[39.2157,1.7067],[39.2039,1.7148],[39.1901,1.7424],[39.1807,1.7552],[39.1725,1.7862],[39.1685,1.7956],[39.1655,1.798],[39.1609,1.8108],[39.1521,1.8199],[39.1485,1.8288],[39.1429,1.8346],[39.1439,1.8508],[39.1397,1.8531],[39.1299,1.8713],[39.1193,1.883],[39.1027,1.8915],[39.0961,1.8995],[39.0885,1.9015],[39.0819,1.9086],[39.0733,1.9131],[39.0603,1.925],[39.0583,1.9382],[39.0469,1.9473],[39.0443,1.9545],[39.0369,1.9631],[39.0313,1.975],[39.0249,1.9817],[39.0135,1.9897],[39.0047,2.0005],[38.9951,2.0043],[38.9905,2.0234],[38.9929,2.0361],[38.9923,2.0408],[38.9853,2.0483],[38.9853,2.0682],[38.9557,2.1041],[38.9437,2.141],[38.9373,2.1604],[38.9383,2.2128],[38.9347,2.2397],[38.9293,2.258],[38.9287,2.2723],[38.9263,2.2795],[38.9363,2.3122],[38.9317,2.3432],[38.9345,2.3591],[38.9349,2.3678],[38.9345,2.3714],[38.9311,2.3788],[38.9289,2.4056],[38.9281,2.4103],[38.9207,2.4277],[38.9153,2.4371],[38.9137,2.4482],[38.9035,2.4745],[38.8991,2.496],[38.8941,2.5107],[38.8937,2.5195],[38.8921,2.5334],[38.8887,2.5412],[38.9793,2.5663],[39.0043,2.6078],[39.0377,2.6896],[39.0491,2.701],[39.0517,2.7189],[39.0559,2.7275],[39.0631,2.7358],[39.0707,2.8014],[39.0679,2.8807],[39.1127,2.8816],[39.1179,2.9098],[39.1253,2.9288],[39.1275,2.9319],[39.1377,2.9352],[39.1411,2.9382],[39.1493,2.9507],[39.1557,2.9524],[39.1945,2.954],[39.2019,2.9648],[39.2165,2.9747],[39.2381,2.9822],[39.2469,2.9836],[39.2501,2.9861],[39.2507,2.9914],[39.2577,3.0013],[39.2901,3.035],[39.3251,3.0524],[39.3459,3.0682],[39.3457,3.1349],[39.3425,3.2444],[39.3403,3.2668],[39.3379,3.2778],[39.3285,3.287],[39.3273,3.3008],[39.3137,3.4032],[39.3111,3.4104],[39.3011,3.425],[39.2995,3.4391],[39.3035,3.4524],[39.3195,3.4722],[39.3235,3.4825],[39.3255,3.49],[39.3239,3.4942],[39.3205,3.4977],[39.3279,3.5],[39.3327,3.4988],[39.3357,3.4781],[39.3309,3.4637],[39.3671,3.4651],[39.3881,3.4639],[39.4017,3.4612],[39.4115,3.4631],[39.4189,3.4584],[39.4261,3.4625],[39.4295,3.4568],[39.4293,3.4509],[39.4363,3.4543],[39.4409,3.4537],[39.4433,3.4568],[39.4551,3.4538],[39.4633,3.4548],[39.4661,3.4574],[39.4697,3.457],[39.4723,3.459],[39.4763,3.4576],[39.4849,3.4579],[39.4923,3.4645],[39.4955,3.464],[39.4979,3.4623],[39.5149,3.407],[39.5321,3.3996],[39.5539,3.3974],[39.5897,3.4856],[39.6085,3.4991],[39.7571,3.6518],[39.7643,3.6586],[39.7675,3.6575],[39.7739,3.6661],[39.7859,3.6929]]]}},{"type":"Feature","properties":{"name":"Mandera","countyCode":9},"geometry":{"type":"MultiPolygon","coordinates":[[[[41.7333,3.9866],[41.7307,3.9924],[41.7341,3.993],[41.7361,3.9894],[41.7333,3.9866]]],[[[41.7333,3.9866],[41.7355,3.9842],[41.7391,3.987],[41.7551,3.983],[41.7541,3.9769],[41.7557,3.974],[41.7675,3.975],[41.7761,3.9736],[41.7793,3.9762],[41.7815,3.982],[41.7845,3.9817],[41.7899,3.9776],[41.7939,3.9808],[41.7949,3.9742],[41.7985,3.9726],[41.7991,3.9698],[41.7957,3.9689],[41.8009,3.9573],[41.8037,3.9567],[41.8089,3.9593],[41.8119,3.957],[41.8185,3.9576],[41.8219,3.9559],[41.8205,3.9515],[41.8231,3.9482],[41.8267,3.9476],[41.8283,3.9509],[41.8369,3.9446],[41.8363,3.9512],[41.8393,3.9529],[41.8433,3.9529],[41.8475,3.9479],[41.8507,3.9466],[41.8537,3.9479],[41.8561,3.9596],[41.8665,3.959],[41.8697,3.9653],[41.8715,3.9631],[41.8749,3.9623],[41.8771,3.9648],[41.8811,3.9656],[41.8841,3.9709],[41.8987,3.9794],[41.9021,3.9791],[41.9067,3.9733],[41.8591,3.9068],[41.8265,3.8569],[41.7415,3.7391],[41.3353,3.1584],[41.3277,3.1489],[41.3007,3.1221],[40.9945,2.8229],[40.9931,2.6578],[40.9943,2.496],[40.9935,2.24],[40.9915,2.1763],[40.9513,2.1736],[40.9443,2.1749],[40.9209,2.1857],[40.8849,2.214],[40.8679,2.2333],[40.8651,2.2385],[40.8633,2.2507],[40.8579,2.2602],[40.8335,2.2856],[40.8239,2.2898],[40.8017,2.2892],[40.7751,2.3116],[40.7567,2.3138],[40.7467,2.3114],[40.7385,2.3116],[40.7187,2.3273],[40.7111,2.3467],[40.6911,2.3661],[40.6769,2.3736],[40.6755,2.3813],[40.6661,2.3887],[40.6665,2.404],[40.6651,2.4075],[40.6645,2.4225],[40.6623,2.4258],[40.6563,2.4313],[40.6453,2.433],[40.6415,2.436],[40.6395,2.4402],[40.6361,2.4396],[40.6325,2.4424],[40.6297,2.4474],[40.6221,2.4526],[40.6141,2.4618],[40.6039,2.4794],[40.6043,2.4902],[40.5945,2.4972],[40.5921,2.5007],[40.5979,2.5074],[40.5975,2.5107],[40.5799,2.5278],[40.5801,2.5461],[40.5763,2.5533],[40.5695,2.5627],[40.5659,2.5643],[40.5635,2.5702],[40.5587,2.5762],[40.5605,2.5867],[40.5545,2.5911],[40.5497,2.5998],[40.5505,2.6086],[40.5363,2.6504],[40.5275,2.6636],[40.5273,2.6714],[40.5201,2.6938],[40.5039,2.712],[40.5005,2.719],[40.5071,2.7233],[40.5099,2.7262],[40.5127,2.7327],[40.5157,2.7356],[40.5195,2.737],[40.5199,2.7488],[40.5185,2.753],[40.5199,2.7635],[40.5185,2.7676],[40.5191,2.7715],[40.5213,2.7737],[40.5135,2.7762],[40.5113,2.7803],[40.5041,2.7818],[40.5017,2.7848],[40.5029,2.7925],[40.4957,2.7964],[40.4949,2.8],[40.5037,2.8078],[40.5019,2.8113],[40.4977,2.8143],[40.4971,2.8171],[40.4991,2.8188],[40.4973,2.8259],[40.4991,2.8329],[40.4957,2.8356],[40.4949,2.8401],[40.4977,2.85],[40.4949,2.8531],[40.4957,2.857],[40.4935,2.8652],[40.4705,2.8774],[40.2707,2.9692],[40.2583,2.9861],[40.1705,3.0882],[40.0443,3.2258],[40.0343,3.2312],[40.0341,3.2349],[39.8083,3.3254],[39.7877,3.334],[39.7865,3.3375],[39.7859,3.6929],[39.8661,3.8655],[40.1183,3.9966],[40.1481,4.0107],[40.1537,4.0107],[40.1683,4.0226],[40.1799,4.0278],[40.1847,4.0326],[40.1911,4.0434],[40.1965,4.0441],[40.2047,4.0389],[40.2077,4.0397],[40.3855,4.113],[40.3947,4.1114],[40.4023,4.1185],[40.4253,4.1291],[40.6977,4.2392],[40.7015,4.2455],[40.7053,4.2472],[40.7097,4.2486],[40.7207,4.2474],[40.7279,4.2486],[40.7369,4.2579],[40.7467,4.2632],[40.7593,4.2797],[40.7675,4.2798],[40.7755,4.2775],[40.7831,4.2781],[40.7915,4.2652],[40.8025,4.2632],[40.8097,4.2576],[40.8231,4.2502],[40.8291,4.2491],[40.8345,4.245],[40.8365,4.2485],[40.8491,4.2446],[40.8511,4.2408],[40.8515,4.2327],[40.8561,4.225],[40.8665,4.225],[40.8705,4.2234],[40.8851,4.2118],[40.8869,4.2087],[40.8873,4.1904],[40.8989,4.181],[40.9011,4.1771],[40.9033,4.1628],[40.9075,4.1539],[40.9193,4.1517],[40.9263,4.1467],[40.9363,4.1448],[40.9449,4.1456],[40.9539,4.1401],[40.9591,4.1398],[40.9617,4.133],[40.9757,4.1243],[40.9801,4.1196],[40.9815,4.1108],[40.9851,4.1097],[40.9949,4.1106],[41.0013,4.1078],[41.0059,4.0997],[41.0181,4.0896],[41.0185,4.0831],[41.0209,4.0801],[41.0307,4.0784],[41.0345,4.0721],[41.0393,4.0746],[41.0425,4.074],[41.0475,4.0602],[41.0517,4.0544],[41.0687,4.0405],[41.0713,4.0361],[41.0725,4.0265],[41.0755,4.0224],[41.0831,4.0212],[41.0867,4.0181],[41.0873,4.0143],[41.0907,4.011],[41.1055,4.0036],[41.1023,4.0007],[41.1013,3.9969],[41.1027,3.9908],[41.1051,3.9877],[41.1085,3.985],[41.1119,3.985],[41.1155,3.9872],[41.1197,3.9842],[41.1265,3.9783],[41.1261,3.9745],[41.1357,3.9714],[41.1317,3.9692],[41.1321,3.9662],[41.1361,3.9654],[41.1415,3.9612],[41.1529,3.9584],[41.1753,3.943],[41.1797,3.9432],[41.1909,3.9399],[41.1965,3.9357],[41.2083,3.9349],[41.2085,3.9435],[41.2107,3.9465],[41.2175,3.949],[41.2201,3.9529],[41.2273,3.9531],[41.2321,3.9498],[41.2405,3.9593],[41.2443,3.951],[41.2473,3.9501],[41.2503,3.9537],[41.2561,3.9518],[41.2643,3.9552],[41.2767,3.9502],[41.2797,3.9509],[41.2813,3.9532],[41.2835,3.9512],[41.2839,3.9473],[41.2967,3.9476],[41.2955,3.9521],[41.2981,3.9546],[41.3045,3.9474],[41.3089,3.9454],[41.3129,3.9466],[41.3185,3.9449],[41.3265,3.9407],[41.3299,3.9407],[41.3333,3.9438],[41.3399,3.9443],[41.3459,3.949],[41.3537,3.9496],[41.3561,3.9596],[41.3633,3.9596],[41.3647,3.9565],[41.3721,3.9554],[41.3791,3.9518],[41.3825,3.9548],[41.3843,3.9596],[41.3897,3.9595],[41.3947,3.9645],[41.3989,3.9642],[41.4201,3.9498],[41.4249,3.9493],[41.4401,3.9512],[41.4391,3.9552],[41.4415,3.9574],[41.4501,3.9554],[41.4625,3.9595],[41.4713,3.9554],[41.4763,3.9581],[41.4819,3.9548],[41.4837,3.961],[41.4971,3.9626],[41.5011,3.9684],[41.5043,3.9668],[41.5081,3.961],[41.5079,3.9554],[41.5123,3.954],[41.5167,3.9557],[41.5227,3.9609],[41.5271,3.9718],[41.5369,3.9756],[41.5433,3.9822],[41.5501,3.9842],[41.5541,3.983],[41.5615,3.9772],[41.5663,3.9703],[41.5709,3.97],[41.5809,3.9728],[41.5963,3.9711],[41.6037,3.975],[41.6191,3.9739],[41.6255,3.9812],[41.6291,3.9827],[41.6309,3.9791],[41.6335,3.98],[41.6345,3.9839],[41.6379,3.9847],[41.6391,3.9798],[41.6435,3.9781],[41.6453,3.9739],[41.6529,3.9712],[41.6567,3.9654],[41.6621,3.9675],[41.6683,3.9659],[41.6717,3.967],[41.6755,3.961],[41.6787,3.9601],[41.6825,3.9703],[41.6827,3.9753],[41.6857,3.9747],[41.6879,3.9718],[41.6909,3.974],[41.6925,3.9786],[41.7049,3.9855],[41.7131,3.9856],[41.7175,3.9924],[41.7215,3.9933],[41.7223,3.9892],[41.7333,3.9866]]]]}},{"type":"Feature","properties":{"name":"Marsabit","countyCode":10},"geometry":{"type":"Polygon","coordinates":[[[36.2559,4.4518],[36.2647,4.4482],[36.5167,4.4435],[36.5475,4.4418],[36.6261,4.4518],[36.6455,4.4515],[36.6617,4.4401],[36.6811,4.4388],[36.8447,4.4473],[36.8803,4.4294],[36.9105,4.422],[36.9601,4.401],[36.9597,4.3953],[36.9759,4.3959],[36.9805,4.3932],[36.9869,4.3929],[36.9881,4.3896],[37.0043,4.3758],[37.0105,4.3774],[37.0215,4.3694],[37.0313,4.3794],[37.0321,4.3832],[37.0443,4.3722],[37.0481,4.3735],[37.0487,4.368],[37.0555,4.3636],[37.0553,4.3606],[37.0647,4.3495],[37.0655,4.3459],[37.0785,4.3461],[37.0901,4.3412],[37.0945,4.334],[37.0977,4.3317],[37.1139,4.3041],[37.1289,4.2925],[37.1325,4.2906],[37.1369,4.2928],[37.4087,4.1164],[37.4267,4.1078],[37.4287,4.1047],[37.5015,4.0566],[37.5557,4.0159],[37.6331,3.9645],[37.6489,3.9532],[37.6493,3.9501],[37.9195,3.771],[37.9905,3.7305],[37.9939,3.7294],[38.0001,3.7308],[38.0039,3.7264],[38.0087,3.7264],[38.0133,3.7128],[38.0163,3.7134],[38.0193,3.7034],[38.0251,3.6987],[38.0273,3.6938],[38.0317,3.6918],[38.0327,3.688],[38.0383,3.6828],[38.0425,3.6828],[38.0481,3.673],[38.0605,3.6664],[38.1139,3.6236],[38.1299,3.6058],[38.1363,3.6114],[38.1481,3.6116],[38.1845,3.6199],[38.1913,3.6199],[38.4485,3.6019],[38.5053,3.6222],[38.5231,3.6258],[38.5219,3.6357],[38.5235,3.6382],[38.5231,3.6416],[38.5173,3.6462],[38.5165,3.649],[38.5219,3.6523],[38.5393,3.6542],[38.5429,3.6474],[38.5509,3.6418],[38.5517,3.6351],[38.5585,3.6227],[38.5599,3.6142],[38.5659,3.613],[38.5697,3.6083],[38.5723,3.61],[38.5799,3.6039],[38.5823,3.6061],[38.5891,3.605],[38.6057,3.6058],[38.6121,3.6119],[38.6155,3.6122],[38.6181,3.6044],[38.6211,3.6022],[38.6255,3.6042],[38.6599,3.5959],[38.6655,3.5932],[38.6699,3.6006],[38.6777,3.6083],[38.6737,3.6207],[38.6821,3.6243],[38.6877,3.6236],[38.6939,3.61],[38.7137,3.5812],[38.7129,3.5781],[38.7147,3.5723],[38.7597,3.5577],[38.8495,3.5323],[38.9063,3.5123],[38.9225,3.5115],[38.9603,3.5154],[38.9593,3.5245],[38.9655,3.5304],[38.9685,3.5311],[38.9715,3.5278],[38.9765,3.5297],[38.9819,3.5237],[38.9941,3.5217],[38.9995,3.5193],[39.0033,3.5231],[39.0081,3.514],[39.0127,3.5152],[39.0153,3.511],[39.0179,3.5094],[39.0213,3.5099],[39.0217,3.522],[39.0323,3.5223],[39.0359,3.526],[39.0435,3.5248],[39.0459,3.5224],[39.0549,3.5195],[39.0613,3.5246],[39.0673,3.5273],[39.0709,3.5268],[39.0783,3.5304],[39.0789,3.539],[39.0877,3.5392],[39.1041,3.522],[39.1179,3.514],[39.1319,3.5096],[39.1363,3.5107],[39.1423,3.5088],[39.1459,3.5099],[39.1503,3.5087],[39.1501,3.5035],[39.1519,3.4996],[39.1723,3.4892],[39.1773,3.4877],[39.1879,3.4899],[39.1911,3.4776],[39.1955,3.4764],[39.2245,3.4794],[39.2287,3.4784],[39.2341,3.4742],[39.2401,3.4753],[39.2505,3.4734],[39.2549,3.4747],[39.2659,3.47],[39.2833,3.477],[39.2887,3.4778],[39.2989,3.475],[39.3039,3.4762],[39.3165,3.493],[39.3203,3.496],[39.3239,3.4942],[39.3255,3.49],[39.3235,3.4825],[39.3195,3.4722],[39.3035,3.4524],[39.2995,3.4391],[39.3011,3.425],[39.3111,3.4104],[39.3137,3.4032],[39.3273,3.3008],[39.3269,3.2886],[39.3379,3.2778],[39.3403,3.2668],[39.3425,3.2444],[39.3457,3.1349],[39.3459,3.0682],[39.3251,3.0524],[39.2903,3.035],[39.2577,3.0013],[39.2507,2.9914],[39.2501,2.9861],[39.2469,2.9836],[39.2381,2.9822],[39.2171,2.975],[39.2019,2.9648],[39.1945,2.954],[39.1557,2.9524],[39.1493,2.9507],[39.1395,2.9364],[39.1273,2.9324],[39.1253,2.9288],[39.1179,2.9098],[39.1127,2.8816],[39.0679,2.8807],[39.0707,2.8014],[39.0631,2.7358],[39.0559,2.7275],[39.0517,2.7189],[39.0491,2.701],[39.0377,2.6896],[39.0043,2.6078],[38.9795,2.5666],[38.8887,2.5412],[38.8921,2.5334],[38.8937,2.5195],[38.8927,2.5146],[38.8941,2.5107],[38.8991,2.496],[38.9035,2.4745],[38.9137,2.4482],[38.9153,2.4371],[38.9207,2.4277],[38.9281,2.4103],[38.9289,2.4056],[38.9311,2.3788],[38.9345,2.3714],[38.9349,2.3678],[38.9319,2.3439],[38.9363,2.3122],[38.9263,2.2795],[38.9287,2.2723],[38.9293,2.258],[38.9347,2.2397],[38.9383,2.2128],[38.9373,2.1604],[38.9365,2.1554],[38.9437,2.141],[38.9551,2.1047],[38.9619,2.0975],[38.9527,2.0912],[38.8361,2.0237],[38.7893,1.9924],[38.3853,1.7594],[38.3789,1.7369],[38.3415,1.5759],[38.2335,1.4908],[38.2143,1.4755],[37.9469,1.261],[37.9523,1.3849],[37.8541,1.4568],[37.8507,1.4493],[37.8511,1.4444],[37.8471,1.4393],[37.8477,1.4344],[37.8443,1.4234],[37.8313,1.4216],[37.8287,1.4186],[37.8175,1.4198],[37.8113,1.4155],[37.8039,1.4156],[37.7953,1.4122],[37.7839,1.4164],[37.7783,1.41],[37.7713,1.4117],[37.7553,1.4095],[37.7477,1.41],[37.7379,1.4047],[37.7335,1.404],[37.7155,1.4054],[37.6843,1.3968],[37.6775,1.4009],[37.6735,1.3995],[37.6711,1.3967],[37.6599,1.3937],[37.6557,1.3981],[37.6517,1.3974],[37.6341,1.3852],[37.6315,1.3818],[37.6245,1.3801],[37.6235,1.3758],[37.6131,1.3727],[37.6083,1.3736],[37.6051,1.3768],[37.6009,1.3874],[37.5981,1.3868],[37.5979,1.3826],[37.5915,1.3763],[37.5875,1.3649],[37.5817,1.3635],[37.5833,1.3672],[37.5819,1.3716],[37.5787,1.3766],[37.5749,1.378],[37.5701,1.3866],[37.5645,1.3879],[37.5595,1.3938],[37.5005,1.498],[37.4761,1.5469],[37.3597,1.7267],[37.3505,1.7319],[37.3071,1.7488],[37.3047,1.7521],[37.2907,1.8066],[37.2745,1.8672],[37.2363,1.8694],[37.2325,1.8716],[37.2211,1.8882],[37.1817,1.9156],[37.1721,1.9249],[37.1643,1.9386],[37.1619,1.9618],[37.1229,1.9648],[37.0951,1.972],[37.0759,1.98],[37.0121,1.982],[37.0091,1.9836],[36.9983,1.9972],[36.9771,2.0063],[36.9615,2.0157],[36.9527,2.0229],[36.9481,2.0245],[36.9381,2.0229],[36.9251,2.0157],[36.9181,2.0162],[36.9171,2.0201],[36.9201,2.0323],[36.9203,2.0511],[36.9223,2.0564],[36.9197,2.0932],[36.9183,2.099],[36.9151,2.0997],[36.9125,2.1025],[36.9145,2.1241],[36.9023,2.1548],[36.8955,2.1902],[36.8929,2.1932],[36.8653,2.2521],[36.8453,2.2724],[36.7591,2.513],[36.7411,2.5118],[36.7161,2.5058],[36.7089,2.5071],[36.7061,2.5101],[36.7013,2.5101],[36.7041,2.4778],[36.7039,2.4736],[36.6985,2.4628],[36.7003,2.4546],[36.6993,2.4518],[36.6873,2.4559],[36.6761,2.4463],[36.6563,2.4167],[36.6517,2.4156],[36.6493,2.4119],[36.6459,2.4134],[36.6443,2.4092],[36.6443,2.402],[36.6411,2.3945],[36.6393,2.4042],[36.6353,2.4031],[36.6315,2.4098],[36.6277,2.4117],[36.6247,2.4122],[36.6221,2.4095],[36.6219,2.4004],[36.6195,2.3962],[36.6169,2.3948],[36.6089,2.3932],[36.6063,2.3951],[36.6027,2.4031],[36.5935,2.4103],[36.5879,2.4054],[36.5795,2.404],[36.5763,2.4018],[36.5685,2.4012],[36.5669,2.3974],[36.5611,2.3945],[36.5541,2.396],[36.5491,2.4003],[36.5427,2.4023],[36.5397,2.405],[36.5325,2.43],[36.5251,2.4449],[36.5255,2.4562],[36.5301,2.4704],[36.5281,2.4817],[36.5285,2.4897],[36.5315,2.4969],[36.5311,2.5188],[36.5259,2.524],[36.5169,2.555],[36.5141,2.5594],[36.4963,2.5716],[36.4757,2.5983],[36.4735,2.6069],[36.4637,2.6077],[36.4541,2.6105],[36.4433,2.6241],[36.4387,2.6326],[36.4385,2.6418],[36.4353,2.651],[36.4367,2.6658],[36.4349,2.6761],[36.4387,2.6888],[36.4477,2.7016],[36.4457,2.7052],[36.4333,2.7123],[36.4283,2.72],[36.4217,2.7358],[36.4225,2.7433],[36.4195,2.7602],[36.4151,2.7654],[36.3969,2.7977],[36.3881,2.818],[36.3877,2.8246],[36.3829,2.8348],[36.3689,2.8489],[36.3641,2.8567],[36.3609,2.8591],[36.3475,2.8611],[36.3225,2.8727],[36.3011,2.8854],[36.2935,2.886],[36.2907,2.8866],[36.2831,2.8904],[36.2705,2.9068],[36.2675,2.9203],[36.2621,2.933],[36.2613,2.946],[36.2585,2.9582],[36.2567,2.9604],[36.2549,2.9526],[36.2517,2.9498],[36.2471,2.9487],[36.2369,2.9551],[36.2289,2.956],[36.2225,2.9546],[36.2169,2.9579],[36.2027,2.9604],[36.1923,2.9667],[36.1807,2.9651],[36.1709,2.9667],[36.1649,2.9653],[36.1583,2.9668],[36.1347,2.9673],[36.1373,2.9776],[36.1305,2.9747],[36.1293,2.9783],[36.1247,2.9797],[36.1277,2.9991],[36.1329,3.0082],[36.1365,3.0112],[36.1371,3.024],[36.1409,3.0328],[36.1429,3.0508],[36.1399,3.0608],[36.1409,3.0679],[36.1423,3.0707],[36.1487,3.0726],[36.1535,3.0848],[36.1503,3.0937],[36.1527,3.1108],[36.1499,3.133],[36.1465,3.1398],[36.1395,3.1479],[36.1391,3.1518],[36.1513,3.1894],[36.1523,3.2123],[36.1513,3.2153],[36.1497,3.2184],[36.1457,3.2206],[36.1409,3.2146],[36.1425,3.2084],[36.1391,3.2062],[36.1315,3.2081],[36.1227,3.2106],[36.1125,3.2178],[36.1031,3.2182],[36.0839,3.2231],[36.0719,3.2245],[36.0539,3.2355],[36.0521,3.2978],[36.0503,3.9828],[36.0509,4.449],[36.2341,4.4488],[36.2471,4.4551],[36.2559,4.4518]]]}},{"type":"Feature","properties":{"name":"Isiolo","countyCode":11},"geometry":{"type":"MultiPolygon","coordinates":[[[[37.3867,0.274],[37.3885,0.2847],[37.3937,0.289],[37.3947,0.2922],[37.3933,0.2964],[37.3957,0.3],[37.3943,0.3044],[37.3951,0.308],[37.3929,0.3138],[37.3947,0.3166],[37.3927,0.3265],[37.3935,0.3334],[37.3927,0.35],[37.3909,0.3547],[37.3839,0.3575],[37.3831,0.3608],[37.3803,0.362],[37.3791,0.3647],[37.3787,0.3677],[37.3795,0.3777],[37.3713,0.3821],[37.3713,0.388],[37.3673,0.4015],[37.3639,0.4068],[37.3541,0.4125],[37.3523,0.4321],[37.3497,0.4407],[37.3501,0.4576],[37.3567,0.4654],[37.3581,0.4682],[37.3605,0.4756],[37.3605,0.483],[37.3627,0.4858],[37.3599,0.4935],[37.3619,0.5016],[37.3691,0.5074],[37.3693,0.5104],[37.1141,0.5392],[36.8683,0.5688],[36.8651,0.571],[36.8673,0.5748],[36.8687,0.5848],[36.8671,0.5889],[36.8693,0.5956],[36.8727,0.5975],[36.8761,0.6031],[36.8795,0.6034],[36.8847,0.6105],[36.8879,0.6083],[36.8915,0.6208],[36.8949,0.6222],[36.8979,0.6285],[36.9065,0.6294],[36.9095,0.6318],[36.9093,0.644],[36.9117,0.6474],[36.9145,0.6598],[36.9223,0.6597],[36.9267,0.6728],[36.9271,0.7236],[36.9317,0.733],[36.9317,0.7416],[36.9323,0.746],[36.9353,0.751],[36.9477,0.7428],[36.9671,0.7408],[36.9743,0.7455],[36.9809,0.7433],[36.9963,0.7491],[37.0011,0.7486],[37.0091,0.7505],[37.0123,0.7516],[37.0435,0.7629],[37.0581,0.7701],[37.0623,0.7654],[37.0661,0.764],[37.0701,0.7652],[37.0721,0.7765],[37.0915,0.7806],[37.1025,0.7853],[37.1059,0.7842],[37.1097,0.779],[37.1179,0.7797],[37.1243,0.7742],[37.1275,0.7646],[37.1329,0.7596],[37.1373,0.7576],[37.1493,0.7579],[37.1517,0.7532],[37.1619,0.7496],[37.1635,0.745],[37.1657,0.7414],[37.1699,0.7414],[37.1739,0.7435],[37.1841,0.7414],[37.2013,0.7446],[37.2045,0.7438],[37.2063,0.7405],[37.2131,0.7383],[37.2205,0.7385],[37.2295,0.7469],[37.2359,0.7502],[37.2461,0.7607],[37.2577,0.7616],[37.2715,0.7485],[37.2735,0.7442],[37.2877,0.7364],[37.2907,0.7305],[37.3005,0.7192],[37.3053,0.7031],[37.3095,0.6971],[37.3145,0.6843],[37.3233,0.6713],[37.3275,0.6568],[37.3323,0.6495],[37.3405,0.6465],[37.3431,0.6438],[37.3443,0.6371],[37.3491,0.6304],[37.3503,0.6244],[37.3529,0.6221],[37.3547,0.6011],[37.3573,0.5986],[37.3637,0.5976],[37.3643,0.589],[37.3657,0.5859],[37.3737,0.5867],[37.3905,0.5757],[37.3939,0.5748],[37.3963,0.5766],[37.4073,0.5784],[37.4219,0.5782],[37.4285,0.5818],[37.4367,0.5788],[37.4421,0.581],[37.4461,0.5798],[37.4597,0.5845],[37.4683,0.5917],[37.4717,0.5917],[37.4771,0.5876],[37.4809,0.5868],[37.4891,0.5884],[37.4921,0.5876],[37.4937,0.5845],[37.4913,0.5781],[37.4937,0.5759],[37.5041,0.573],[37.5071,0.5693],[37.5121,0.5668],[37.5161,0.5657],[37.5215,0.569],[37.5251,0.5687],[37.5321,0.5646],[37.5361,0.5671],[37.5383,0.5715],[37.5465,0.5762],[37.5571,0.5694],[37.5707,0.5708],[37.5741,0.573],[37.5805,0.5707],[37.5829,0.5748],[37.5825,0.5845],[37.5851,0.5867],[37.5891,0.5865],[37.5959,0.5898],[37.6061,0.5898],[37.6209,0.5981],[37.6243,0.597],[37.6283,0.5984],[37.6313,0.5959],[37.6359,0.5975],[37.6375,0.6005],[37.6371,0.6047],[37.6421,0.612],[37.6391,0.6142],[37.6405,0.6207],[37.6441,0.6208],[37.6513,0.6302],[37.6679,0.633],[37.6739,0.6385],[37.6823,0.6415],[37.6859,0.655],[37.6925,0.662],[37.7063,0.6661],[37.7101,0.6658],[37.7129,0.6639],[37.7153,0.6584],[37.7255,0.6532],[37.7283,0.6542],[37.7327,0.6604],[37.7363,0.6603],[37.7415,0.6656],[37.7453,0.6727],[37.7497,0.6747],[37.7607,0.6706],[37.7781,0.6756],[37.7859,0.6749],[37.7925,0.6705],[37.8039,0.6742],[37.8177,0.6749],[37.8205,0.6769],[37.8243,0.6777],[37.8329,0.6774],[37.8365,0.6792],[37.8455,0.6899],[37.8435,0.6979],[37.8447,0.704],[37.8489,0.7123],[37.8619,0.7197],[37.8677,0.725],[37.8743,0.727],[37.8767,0.7311],[37.8751,0.7344],[37.8789,0.7414],[37.8895,0.7372],[37.8919,0.7352],[37.8943,0.7283],[37.8979,0.7264],[37.9015,0.7276],[37.9039,0.7253],[37.9027,0.7211],[37.9103,0.7192],[37.9125,0.7131],[37.9161,0.7123],[37.9185,0.7161],[37.9219,0.7181],[37.9253,0.7176],[37.9303,0.7211],[37.9477,0.7428],[37.9563,0.7442],[37.9645,0.7515],[37.9715,0.7524],[37.9803,0.7673],[37.9879,0.7756],[37.9937,0.7768],[37.9973,0.7792],[38.0015,0.7862],[38.0063,0.7878],[38.0093,0.7919],[38.0093,0.8],[38.0123,0.8022],[38.0155,0.8033],[38.0169,0.7963],[38.0235,0.7966],[38.0341,0.789],[38.0463,0.785],[38.0487,0.78],[38.0547,0.7768],[38.0623,0.7776],[38.0765,0.7825],[38.0475,0.8033],[38.0335,1.0824],[38.0015,1.1265],[37.9741,1.1595],[37.9499,1.1918],[37.9469,1.261],[38.2143,1.4755],[38.2191,1.4772],[38.2335,1.4908],[38.3407,1.5746],[38.3853,1.7594],[38.7893,1.9924],[38.8361,2.0237],[38.9527,2.0912],[38.9635,2.095],[38.9853,2.0682],[38.9853,2.0483],[38.9917,2.042],[38.9929,2.0361],[38.9905,2.0234],[38.9951,2.0043],[39.0047,2.0005],[39.0137,1.9892],[39.0249,1.9817],[39.0313,1.975],[39.0379,1.9612],[39.0443,1.9545],[39.0469,1.9473],[39.0583,1.9382],[39.0605,1.9249],[39.0733,1.9131],[39.0819,1.9086],[39.0885,1.9015],[39.0961,1.8995],[39.1027,1.8915],[39.1191,1.8832],[39.1299,1.8713],[39.1397,1.8531],[39.1439,1.8508],[39.1429,1.8346],[39.1485,1.8288],[39.1521,1.8199],[39.1609,1.8108],[39.1655,1.798],[39.1685,1.7956],[39.1725,1.7862],[39.1807,1.7552],[39.1901,1.7424],[39.2039,1.7148],[39.2157,1.7067],[39.2235,1.7059],[39.2297,1.7018],[39.2457,1.6979],[39.2613,1.686],[39.2719,1.6871],[39.2841,1.6778],[39.2849,1.6742],[39.3001,1.6661],[39.3079,1.6656],[39.3113,1.6553],[39.3151,1.6575],[39.3185,1.6554],[39.3221,1.6474],[39.3319,1.6454],[39.3375,1.6374],[39.3425,1.638],[39.3465,1.6258],[39.3521,1.6229],[39.3589,1.6108],[39.3675,1.6014],[39.3775,1.5851],[39.3833,1.5823],[39.3857,1.5793],[39.3879,1.5713],[39.3949,1.5704],[39.3977,1.5618],[39.4043,1.5566],[39.4131,1.5577],[39.4407,1.5348],[39.4489,1.5333],[39.4353,1.5276],[39.3711,1.5068],[39.2783,1.4717],[39.2791,1.4668],[39.2849,1.4515],[39.4355,1.0622],[39.4441,1.0448],[39.4599,1.0027],[39.4615,0.9941],[39.4591,0.9892],[39.4551,0.9866],[39.3963,0.9661],[39.3619,0.9515],[39.3559,0.9487],[39.3365,0.935],[39.3143,0.9225],[39.2685,0.8735],[39.2503,0.8572],[39.2377,0.8418],[39.2253,0.8152],[39.2159,0.8027],[39.2011,0.787],[39.1811,0.7494],[39.1783,0.7413],[39.1757,0.7247],[39.1781,0.7231],[39.1763,0.72],[39.1747,0.7176],[39.1679,0.7162],[39.1649,0.7118],[39.1481,0.7031],[39.1417,0.6885],[39.1351,0.688],[39.1317,0.6858],[39.1149,0.6888],[39.1031,0.6871],[39.0999,0.6846],[39.0987,0.6786],[39.0919,0.6788],[39.0845,0.6744],[39.0777,0.6766],[39.0729,0.6763],[39.0663,0.6808],[39.0625,0.6807],[39.0595,0.6828],[39.0525,0.683],[39.0495,0.6813],[39.0467,0.675],[39.0383,0.6705],[39.0357,0.6647],[39.0325,0.6628],[39.0281,0.6628],[39.0263,0.6606],[39.0233,0.6534],[39.0245,0.6443],[39.0233,0.6415],[39.0201,0.6393],[39.0151,0.639],[39.0133,0.6365],[39.0129,0.6257],[39.0109,0.6229],[39.0025,0.6222],[38.9937,0.6241],[38.9867,0.6238],[38.9809,0.6205],[38.9763,0.6202],[38.9621,0.6222],[38.9535,0.6255],[38.9463,0.6243],[38.9421,0.6265],[38.9363,0.6227],[38.9261,0.6044],[38.9125,0.5981],[38.9019,0.5948],[38.8979,0.5961],[38.8911,0.5937],[38.8831,0.5947],[38.8765,0.5932],[38.8713,0.5984],[38.8613,0.5981],[38.8573,0.5964],[38.8393,0.5846],[38.8325,0.5834],[38.8253,0.5787],[38.8177,0.5701],[38.8093,0.5571],[38.8083,0.5528],[38.8023,0.548],[38.7997,0.542],[38.7923,0.5389],[38.7835,0.524],[38.7761,0.5174],[38.7681,0.5145],[38.7657,0.5109],[38.7563,0.5143],[38.7531,0.5217],[38.7497,0.5229],[38.7453,0.5226],[38.7357,0.5179],[38.7249,0.5232],[38.7209,0.5203],[38.7219,0.511],[38.7087,0.5109],[38.7041,0.5054],[38.6927,0.5093],[38.6811,0.5074],[38.6617,0.5079],[38.6583,0.5066],[38.6637,0.5016],[38.6667,0.4991],[38.6705,0.4991],[38.6769,0.4941],[38.6809,0.4706],[38.6919,0.4413],[38.7093,0.3714],[38.7137,0.3534],[38.7579,0.1816],[38.7571,0.1684],[38.7355,0.1462],[38.7345,0.1426],[38.7331,0.125],[38.7307,0.1161],[38.7325,0.0964],[38.7295,0.0843],[38.7309,0.0716],[38.7297,0.066],[38.7323,0.0403],[38.7329,0.0372],[38.7407,0.0118],[38.7385,0.0015],[38.7439,-0.0058],[38.7433,-0.0141],[38.7491,-0.0228],[38.7503,-0.036],[38.7533,-0.0421],[38.7519,-0.0463],[38.7531,-0.0499],[38.7617,-0.0532],[38.7649,-0.0568],[38.7609,-0.0634],[38.7613,-0.0672],[38.7665,-0.0715],[38.7585,-0.0758],[38.7495,-0.0748],[38.7373,-0.0726],[38.7269,-0.067],[38.7151,-0.065],[38.6973,-0.0529],[38.6899,-0.044],[38.6859,-0.0463],[38.6853,-0.0535],[38.6829,-0.0573],[38.6771,-0.0574],[38.6557,-0.049],[38.6483,-0.0562],[38.6397,-0.0571],[38.6367,-0.0559],[38.6263,-0.044],[38.6123,-0.0327],[38.6081,-0.0327],[38.6015,-0.0366],[38.5921,-0.0321],[38.5893,-0.0289],[38.5797,-0.0269],[38.5711,-0.0217],[38.5617,-0.022],[38.5587,-0.0219],[38.5555,-0.0198],[38.5517,-0.0205],[38.5485,-0.0233],[38.5427,-0.0352],[38.5411,-0.0459],[38.5305,-0.0476],[38.5307,-0.0581],[38.5269,-0.0595],[38.5225,-0.0645],[38.5195,-0.0654],[38.5135,-0.0626],[38.5097,-0.0626],[38.5027,-0.0659],[38.4935,-0.062],[38.4899,-0.0634],[38.4883,-0.0726],[38.4835,-0.0784],[38.4725,-0.0817],[38.4611,-0.0883],[38.4571,-0.0886],[38.4525,-0.0867],[38.4379,-0.075],[38.4343,-0.0786],[38.4309,-0.0789],[38.4269,-0.0775],[38.4203,-0.0711],[38.4141,-0.0689],[38.4113,-0.0662],[38.4125,-0.0634],[38.4117,-0.0587],[38.4135,-0.0548],[38.4109,-0.0534],[38.4115,-0.0502],[38.4071,-0.046],[38.4057,-0.0307],[38.4007,-0.0261],[38.4019,-0.0186],[38.3945,-0.0159],[38.3935,-0.0123],[38.3879,-0.0078],[38.3807,-0.0056],[38.3769,0.0024],[38.3703,0.0043],[38.3691,0.0085],[38.3563,0.019],[38.3541,0.0281],[38.3577,0.0353],[38.3493,0.0406],[38.3457,0.0408],[38.3447,0.0441],[38.3471,0.048],[38.3463,0.0514],[38.3497,0.0571],[38.3387,0.06],[38.3411,0.0629],[38.3399,0.0657],[38.3261,0.0716],[38.3237,0.0765],[38.3287,0.0892],[38.3281,0.0932],[38.3205,0.0972],[38.3187,0.1044],[38.3091,0.1077],[38.3053,0.1174],[38.3063,0.1268],[38.3049,0.1346],[38.2969,0.1573],[38.2871,0.1631],[38.2819,0.1706],[38.2709,0.1761],[38.2643,0.1827],[38.2627,0.1896],[38.2595,0.191],[38.2461,0.2032],[38.2395,0.2046],[38.2349,0.2106],[38.2293,0.214],[38.2209,0.2153],[38.2133,0.2203],[38.2007,0.2239],[38.1963,0.2267],[38.1933,0.2311],[38.1923,0.2419],[38.1963,0.3196],[38.1771,0.3284],[38.1753,0.3317],[38.1441,0.4219],[38.0951,0.5616],[38.0925,0.5751],[38.0891,0.5817],[38.0637,0.6698],[37.8269,0.5607],[37.5885,0.4791],[37.5823,0.4582],[37.5821,0.4158],[37.5859,0.3992],[37.5983,0.4004],[37.6055,0.3514],[37.5979,0.3434],[37.5823,0.3265],[37.5561,0.3266],[37.5477,0.3102],[37.5499,0.2947],[37.5475,0.2876],[37.5471,0.2756],[37.5373,0.2629],[37.5225,0.2652],[37.4939,0.2739],[37.4663,0.2812],[37.4307,0.2956],[37.4015,0.2927],[37.4005,0.2825],[37.3867,0.274]]],[[[37.3867,0.274],[37.3793,0.2684],[37.3745,0.2703],[37.3813,0.2737],[37.3867,0.274]]]]}},{"type":"Feature","properties":{"name":"Meru","countyCode":12},"geometry":{"type":"Polygon","coordinates":[[[38.1441,0.4219],[38.1765,0.3282],[38.1963,0.3196],[38.1923,0.2419],[38.1933,0.2311],[38.1963,0.2267],[38.2007,0.2239],[38.2133,0.2203],[38.2209,0.2153],[38.2301,0.214],[38.2391,0.2052],[38.2461,0.2032],[38.2595,0.191],[38.2625,0.1899],[38.2643,0.1827],[38.2671,0.1794],[38.2807,0.1711],[38.2881,0.1625],[38.2969,0.1573],[38.3049,0.1346],[38.3063,0.1268],[38.3053,0.1174],[38.3091,0.1077],[38.3187,0.1044],[38.3205,0.0972],[38.3281,0.0932],[38.3287,0.0892],[38.3249,0.087],[38.3263,0.0834],[38.3237,0.0765],[38.3261,0.0716],[38.3399,0.0657],[38.3411,0.0629],[38.3387,0.06],[38.3497,0.0569],[38.3463,0.0514],[38.3471,0.048],[38.3447,0.0441],[38.3457,0.0408],[38.3493,0.0406],[38.3577,0.0353],[38.3541,0.0281],[38.3563,0.019],[38.3691,0.0085],[38.3703,0.0043],[38.3769,0.0024],[38.3807,-0.0056],[38.3879,-0.0078],[38.3945,-0.0123],[38.3945,-0.0159],[38.4017,-0.0195],[38.4007,-0.0261],[38.4057,-0.0307],[38.4071,-0.046],[38.4115,-0.0502],[38.4109,-0.0534],[38.4135,-0.0548],[38.4117,-0.0587],[38.4125,-0.0634],[38.4113,-0.0662],[38.4141,-0.0689],[38.4199,-0.0714],[38.4139,-0.0766],[38.4095,-0.078],[38.4051,-0.0786],[38.3965,-0.0761],[38.3929,-0.0767],[38.3893,-0.0858],[38.3839,-0.0897],[38.3785,-0.0845],[38.3689,-0.0814],[38.3469,-0.0653],[38.3385,-0.0654],[38.3317,-0.0708],[38.3283,-0.0701],[38.3229,-0.0642],[38.3153,-0.0573],[38.3117,-0.0554],[38.3067,-0.057],[38.3019,-0.0551],[38.3025,-0.0477],[38.2971,-0.0416],[38.2921,-0.0388],[38.2899,-0.0321],[38.2827,-0.0269],[38.2701,-0.0242],[38.2647,-0.0208],[38.2553,-0.0195],[38.2511,-0.0198],[38.2467,-0.0239],[38.2385,-0.0175],[38.2379,-0.0139],[38.2313,-0.0122],[38.2299,-0.0026],[38.2277,0.0007],[38.2231,0.0022],[38.2219,0.0088],[38.2185,0.0109],[38.2117,0.0116],[38.2055,0.0151],[38.1923,0.0118],[38.1827,0.0165],[38.1765,0.0217],[38.1637,0.0242],[38.1373,0.0458],[38.1289,0.0483],[38.1213,0.0475],[38.1153,0.0522],[38.1119,0.0516],[38.1065,0.0461],[38.0967,0.0453],[38.0891,0.0381],[38.0831,0.027],[38.0755,0.029],[38.0731,0.0251],[38.0691,0.0226],[38.0631,0.024],[38.0601,0.0218],[38.0531,0.0254],[38.0497,0.024],[38.0469,0.0259],[38.0447,0.0239],[38.0415,0.0273],[38.0369,0.0326],[38.0347,0.0362],[38.0341,0.0408],[38.0275,0.0492],[38.0241,0.0492],[38.0189,0.0564],[38.0099,0.0607],[38.0009,0.0614],[37.9957,0.0654],[37.9881,0.0632],[37.9825,0.0646],[37.9879,0.0422],[37.9819,0.0419],[37.9791,0.0436],[37.9729,0.0484],[37.9705,0.0522],[37.9663,0.0528],[37.9585,0.0499],[37.9537,0.0505],[37.9455,0.0458],[37.9253,0.0292],[37.9227,0.0251],[37.9159,0.0204],[37.9107,0.0143],[37.8955,0.0104],[37.8901,0.0068],[37.8889,0.0022],[37.8901,-0.0014],[37.8967,-0.0064],[37.9291,0.0007],[37.9333,-0.0009],[37.9353,-0.0045],[37.9291,-0.0089],[37.9277,-0.0123],[37.9289,-0.015],[37.9243,-0.0247],[37.9235,-0.0302],[37.9257,-0.0346],[37.9343,-0.0377],[37.9369,-0.0402],[37.9373,-0.0573],[37.9329,-0.0651],[37.9115,-0.0897],[37.8751,-0.127],[37.8673,-0.1323],[37.8657,-0.1354],[37.8375,-0.1594],[37.8063,-0.1846],[37.7957,-0.1893],[37.7973,-0.179],[37.7917,-0.171],[37.7845,-0.1652],[37.7687,-0.1588],[37.7649,-0.161],[37.7513,-0.1868],[37.7485,-0.1898],[37.7385,-0.1945],[37.7309,-0.2016],[37.7205,-0.205],[37.7071,-0.2047],[37.6973,-0.2056],[37.6907,-0.2061],[37.6833,-0.2094],[37.6699,-0.2091],[37.6669,-0.2078],[37.6639,-0.2105],[37.6561,-0.2122],[37.6529,-0.2152],[37.6447,-0.2155],[37.6417,-0.2139],[37.6397,-0.2102],[37.6249,-0.2067],[37.6163,-0.1995],[37.6141,-0.1954],[37.6051,-0.1969],[37.6007,-0.1951],[37.5945,-0.1923],[37.5901,-0.187],[37.5817,-0.1832],[37.3987,-0.1641],[37.3085,-0.1521],[37.1407,-0.0419],[37.1367,-0.0388],[37.1333,-0.0352],[37.1329,-0.0311],[37.1135,-0.0139],[37.1017,0.0079],[37.0907,0.0204],[37.0959,0.0265],[37.1093,0.0359],[37.1285,0.0356],[37.1403,0.0392],[37.1429,0.0417],[37.1481,0.0422],[37.1523,0.0477],[37.1561,0.0491],[37.1663,0.0508],[37.1713,0.0535],[37.1883,0.0552],[37.1995,0.0608],[37.2025,0.06],[37.2027,0.0644],[37.2051,0.066],[37.2147,0.0704],[37.2195,0.0708],[37.2307,0.0766],[37.2331,0.079],[37.2345,0.0981],[37.2357,0.102],[37.2457,0.1061],[37.2485,0.1048],[37.2531,0.0942],[37.2649,0.1114],[37.2815,0.1274],[37.2831,0.1495],[37.2955,0.1631],[37.3045,0.168],[37.3081,0.1744],[37.3147,0.1785],[37.3237,0.1808],[37.3337,0.1786],[37.3395,0.1808],[37.3415,0.183],[37.3383,0.1908],[37.3487,0.194],[37.3489,0.2043],[37.3555,0.2178],[37.3555,0.2242],[37.3585,0.2311],[37.3579,0.235],[37.3641,0.2391],[37.3667,0.2472],[37.3607,0.2508],[37.3613,0.2536],[37.3719,0.2629],[37.3745,0.2684],[37.3811,0.2688],[37.4005,0.2825],[37.4015,0.2927],[37.4307,0.2956],[37.4663,0.2812],[37.4939,0.2739],[37.5225,0.2652],[37.5365,0.2599],[37.5379,0.2646],[37.5471,0.2756],[37.5477,0.2875],[37.5499,0.2947],[37.5479,0.3114],[37.5559,0.326],[37.5823,0.3265],[37.5947,0.3373],[37.5979,0.3434],[37.6055,0.3514],[37.5995,0.4004],[37.5855,0.4018],[37.5829,0.409],[37.5821,0.4158],[37.5823,0.4582],[37.5857,0.4664],[37.5871,0.4767],[37.5897,0.4791],[37.8269,0.5607],[38.0631,0.6686],[38.0891,0.5817],[38.0951,0.5616],[38.1441,0.4219]]]}},{"type":"Feature","properties":{"name":"Tharaka-Nithi","countyCode":13},"geometry":{"type":"Polygon","coordinates":[[[37.9989,0.0644],[38.0009,0.0616],[38.0099,0.0607],[38.0189,0.0564],[38.0241,0.0492],[38.0275,0.0492],[38.0341,0.0408],[38.0347,0.0362],[38.0369,0.0326],[38.0415,0.0273],[38.0497,0.024],[38.0533,0.0253],[38.0601,0.0218],[38.0631,0.0245],[38.0703,0.022],[38.0731,0.0248],[38.0739,0.0287],[38.0767,0.0295],[38.0831,0.027],[38.0891,0.0381],[38.0959,0.0448],[38.0991,0.0463],[38.1065,0.0461],[38.1119,0.0516],[38.1151,0.0522],[38.1213,0.0475],[38.1289,0.0483],[38.1373,0.0458],[38.1637,0.0242],[38.1765,0.0217],[38.1827,0.0165],[38.1923,0.0118],[38.2079,0.0148],[38.2119,0.0116],[38.2185,0.0109],[38.2219,0.0088],[38.2231,0.0022],[38.2283,0.0005],[38.2299,-0.0026],[38.2313,-0.0122],[38.2379,-0.0139],[38.2385,-0.0175],[38.2467,-0.0239],[38.2511,-0.0198],[38.2553,-0.0195],[38.2647,-0.0208],[38.2701,-0.0242],[38.2827,-0.0269],[38.2899,-0.0321],[38.2929,-0.0399],[38.3029,-0.0485],[38.3019,-0.0551],[38.3091,-0.0582],[38.3045,-0.064],[38.3017,-0.0719],[38.2891,-0.0834],[38.2869,-0.0894],[38.2823,-0.0888],[38.2775,-0.0907],[38.2743,-0.0972],[38.2713,-0.099],[38.2631,-0.0968],[38.2545,-0.0911],[38.2473,-0.0913],[38.2357,-0.0969],[38.2209,-0.1093],[38.2147,-0.1176],[38.2127,-0.1281],[38.2089,-0.1301],[38.2073,-0.1345],[38.2075,-0.1438],[38.2045,-0.1483],[38.1961,-0.1505],[38.1943,-0.1539],[38.1893,-0.1542],[38.1855,-0.1572],[38.1851,-0.1683],[38.1857,-0.1766],[38.1833,-0.1923],[38.1663,-0.2221],[38.1639,-0.2279],[38.1645,-0.2352],[38.1591,-0.2407],[38.1505,-0.2435],[38.1463,-0.2421],[38.1429,-0.2443],[38.1405,-0.2473],[38.1369,-0.2587],[38.1303,-0.2631],[38.1265,-0.2697],[38.1149,-0.2791],[38.1061,-0.2786],[38.1031,-0.2819],[38.0909,-0.2772],[38.0763,-0.2764],[38.0447,-0.278],[38.0325,-0.2753],[38.0295,-0.272],[38.0241,-0.2695],[38.0033,-0.267],[37.9997,-0.2675],[37.9969,-0.27],[37.9939,-0.278],[37.9929,-0.2894],[37.9851,-0.3001],[37.9805,-0.3143],[37.9859,-0.3201],[37.9863,-0.3264],[37.9805,-0.3297],[37.9731,-0.3444],[37.9729,-0.3485],[37.9781,-0.3576],[37.9687,-0.3643],[37.9691,-0.3676],[37.9733,-0.3703],[37.9747,-0.38],[37.9701,-0.387],[37.9699,-0.4003],[37.9665,-0.4022],[37.9655,-0.4133],[37.9617,-0.4165],[37.9605,-0.4204],[37.9519,-0.4279],[37.9441,-0.4293],[37.9413,-0.4279],[37.9345,-0.4302],[37.9313,-0.4287],[37.9277,-0.4304],[37.9243,-0.4287],[37.9221,-0.4265],[37.9223,-0.4177],[37.9167,-0.416],[37.9127,-0.4166],[37.9017,-0.4077],[37.9027,-0.4017],[37.9001,-0.3988],[37.8907,-0.3958],[37.8905,-0.3922],[37.8923,-0.3892],[37.8921,-0.3853],[37.8973,-0.3804],[37.8957,-0.3778],[37.8967,-0.3737],[37.8911,-0.3695],[37.8901,-0.3665],[37.8945,-0.3591],[37.8947,-0.3541],[37.8867,-0.3457],[37.8811,-0.3504],[37.8771,-0.3508],[37.8739,-0.354],[37.8703,-0.369],[37.8663,-0.3726],[37.8655,-0.3858],[37.8529,-0.3931],[37.8461,-0.405],[37.8405,-0.4075],[37.8321,-0.4085],[37.8291,-0.4111],[37.8287,-0.4151],[37.8183,-0.423],[37.8143,-0.4307],[37.8085,-0.4331],[37.8025,-0.4392],[37.7855,-0.4497],[37.7811,-0.4487],[37.7633,-0.452],[37.7453,-0.4484],[37.7351,-0.4497],[37.7335,-0.4523],[37.7291,-0.4536],[37.7207,-0.4528],[37.7155,-0.4472],[37.7063,-0.4453],[37.6995,-0.4412],[37.6953,-0.4409],[37.6887,-0.4337],[37.6823,-0.4304],[37.6607,-0.424],[37.6553,-0.4169],[37.6457,-0.4107],[37.6395,-0.4044],[37.6371,-0.397],[37.6301,-0.3922],[37.6249,-0.3931],[37.6151,-0.3903],[37.6119,-0.3875],[37.6031,-0.387],[37.5881,-0.3773],[37.5855,-0.3734],[37.5783,-0.3718],[37.5691,-0.3665],[37.5645,-0.3681],[37.5611,-0.3673],[37.5517,-0.3618],[37.5015,-0.3183],[37.4995,-0.315],[37.3085,-0.1521],[37.3987,-0.1641],[37.5817,-0.1832],[37.5901,-0.1868],[37.5923,-0.1909],[37.6007,-0.1951],[37.6051,-0.1969],[37.6133,-0.1964],[37.6163,-0.1995],[37.6239,-0.2061],[37.6397,-0.2102],[37.6417,-0.2139],[37.6447,-0.2155],[37.6539,-0.2141],[37.6639,-0.2105],[37.6667,-0.2086],[37.6699,-0.2091],[37.6831,-0.2097],[37.6907,-0.2061],[37.6973,-0.2056],[37.7003,-0.2072],[37.7071,-0.2047],[37.7205,-0.205],[37.7309,-0.2016],[37.7387,-0.1945],[37.7485,-0.1898],[37.7513,-0.1868],[37.7647,-0.1619],[37.7699,-0.1583],[37.7845,-0.1652],[37.7917,-0.171],[37.7931,-0.1752],[37.7973,-0.1801],[37.7957,-0.1898],[37.8045,-0.1876],[37.8063,-0.1846],[37.8375,-0.1594],[37.8657,-0.1354],[37.8703,-0.1322],[37.9117,-0.0902],[37.9285,-0.0712],[37.9373,-0.0576],[37.9369,-0.0402],[37.9257,-0.0346],[37.9235,-0.0302],[37.9289,-0.015],[37.9277,-0.0123],[37.9291,-0.0089],[37.9353,-0.0045],[37.9333,-0.0009],[37.9295,0.0007],[37.8967,-0.0064],[37.8893,-0.0009],[37.8903,0.0079],[37.8955,0.0104],[37.9107,0.0143],[37.9165,0.021],[37.9227,0.0251],[37.9253,0.0292],[37.9455,0.0458],[37.9537,0.0505],[37.9587,0.0499],[37.9663,0.0528],[37.9701,0.0535],[37.9713,0.0506],[37.9791,0.0436],[37.9823,0.0419],[37.9877,0.0422],[37.9827,0.0643],[37.9881,0.0632],[37.9955,0.0652],[37.9989,0.0644]]]}},{"type":"Feature","properties":{"name":"Embu","countyCode":14},"geometry":{"type":"MultiPolygon","coordinates":[[[[37.4841,-0.5914],[37.4855,-0.5839],[37.4801,-0.5781],[37.4735,-0.5587],[37.4633,-0.5571],[37.4613,-0.5515],[37.4535,-0.5513],[37.4505,-0.5482],[37.4483,-0.5449],[37.4467,-0.5327],[37.4329,-0.5197],[37.4275,-0.5106],[37.4271,-0.5001],[37.4301,-0.4968],[37.4249,-0.4844],[37.4283,-0.4661],[37.4275,-0.4478],[37.4237,-0.4459],[37.4239,-0.442],[37.4267,-0.4346],[37.4253,-0.424],[37.3085,-0.1521],[37.4995,-0.315],[37.5015,-0.3183],[37.5517,-0.3618],[37.5611,-0.3673],[37.5645,-0.3681],[37.5691,-0.3665],[37.5783,-0.3718],[37.5855,-0.3734],[37.5871,-0.3768],[37.5999,-0.3859],[37.6031,-0.387],[37.6119,-0.3875],[37.6151,-0.3903],[37.6253,-0.3939],[37.6295,-0.3923],[37.6373,-0.3974],[37.6395,-0.4044],[37.6457,-0.4107],[37.6553,-0.4169],[37.6607,-0.424],[37.6823,-0.4304],[37.6887,-0.4339],[37.6941,-0.4415],[37.6995,-0.4412],[37.7063,-0.4453],[37.7155,-0.4472],[37.7207,-0.4528],[37.7291,-0.4536],[37.7335,-0.4523],[37.7351,-0.4498],[37.7453,-0.4484],[37.7675,-0.4522],[37.7811,-0.4487],[37.7855,-0.4497],[37.8025,-0.4392],[37.8085,-0.4331],[37.8143,-0.4307],[37.8185,-0.423],[37.8289,-0.4151],[37.8291,-0.4111],[37.8321,-0.4085],[37.8461,-0.405],[37.8527,-0.3939],[37.8655,-0.3858],[37.8663,-0.3726],[37.8703,-0.369],[37.8741,-0.3532],[37.8771,-0.3508],[37.8811,-0.3504],[37.8869,-0.3455],[37.8945,-0.3543],[37.8945,-0.3591],[37.8901,-0.3665],[37.8911,-0.3695],[37.8967,-0.3737],[37.8957,-0.3778],[37.8973,-0.3804],[37.8921,-0.3853],[37.8923,-0.3892],[37.8905,-0.3922],[37.8921,-0.3963],[37.9001,-0.3988],[37.9027,-0.4017],[37.9017,-0.4077],[37.9127,-0.4166],[37.9167,-0.416],[37.9223,-0.4177],[37.9221,-0.4263],[37.9243,-0.4287],[37.9277,-0.4304],[37.9301,-0.429],[37.9365,-0.4306],[37.9349,-0.4406],[37.9291,-0.4514],[37.9143,-0.4688],[37.9003,-0.5011],[37.8881,-0.5239],[37.8831,-0.538],[37.8881,-0.5552],[37.8885,-0.5623],[37.8841,-0.5852],[37.9023,-0.5996],[37.9021,-0.6035],[37.9229,-0.6279],[37.9087,-0.6406],[37.8943,-0.6491],[37.8937,-0.6538],[37.8929,-0.6583],[37.8959,-0.6694],[37.8977,-0.6724],[37.8959,-0.6835],[37.8981,-0.6862],[37.9031,-0.6876],[37.9035,-0.6907],[37.8995,-0.7073],[37.9011,-0.7116],[37.9087,-0.7133],[37.9109,-0.7106],[37.9131,-0.7136],[37.9165,-0.7313],[37.9103,-0.7495],[37.9031,-0.7608],[37.8923,-0.77],[37.8933,-0.7813],[37.8863,-0.7838],[37.8837,-0.7915],[37.8811,-0.7937],[37.8805,-0.799],[37.8849,-0.8067],[37.8833,-0.8098],[37.8791,-0.809],[37.8715,-0.8129],[37.8625,-0.814],[37.8537,-0.8126],[37.8381,-0.8134],[37.8351,-0.8159],[37.8321,-0.8145],[37.8273,-0.8082],[37.8189,-0.8073],[37.8097,-0.8167],[37.8069,-0.8052],[37.8041,-0.8071],[37.7969,-0.819],[37.7889,-0.8242],[37.7787,-0.8267],[37.7709,-0.8242],[37.7625,-0.8262],[37.7581,-0.825],[37.7507,-0.8057],[37.7475,-0.7883],[37.7445,-0.7816],[37.7339,-0.7771],[37.7253,-0.7827],[37.7171,-0.7819],[37.7069,-0.7841],[37.6995,-0.7877],[37.6987,-0.7913],[37.6951,-0.7933],[37.6931,-0.7971],[37.6899,-0.7979],[37.6853,-0.7966],[37.6819,-0.799],[37.6829,-0.8104],[37.6805,-0.8198],[37.6817,-0.8239],[37.6733,-0.8303],[37.6717,-0.8381],[37.6653,-0.8482],[37.6565,-0.8491],[37.6467,-0.845],[37.6411,-0.8477],[37.6363,-0.8416],[37.6295,-0.8419],[37.6275,-0.8533],[37.6177,-0.8544],[37.6163,-0.8571],[37.6065,-0.8574],[37.6021,-0.8643],[37.5957,-0.8632],[37.5915,-0.8643],[37.5879,-0.8682],[37.5913,-0.8715],[37.5873,-0.8806],[37.5757,-0.8792],[37.5651,-0.8828],[37.5615,-0.8778],[37.5583,-0.8786],[37.5505,-0.8864],[37.5463,-0.8854],[37.5427,-0.8897],[37.5381,-0.8914],[37.5335,-0.8992],[37.5355,-0.9071],[37.5327,-0.9146],[37.5219,-0.918],[37.5183,-0.9177],[37.5165,-0.9144],[37.5163,-0.9052],[37.5023,-0.9017],[37.4961,-0.9047],[37.4873,-0.9002],[37.4823,-0.8953],[37.4781,-0.8938],[37.4757,-0.8892],[37.4731,-0.888],[37.4747,-0.8779],[37.4681,-0.8746],[37.4635,-0.8759],[37.4611,-0.8743],[37.4597,-0.8715],[37.4479,-0.8709],[37.4429,-0.8635],[37.4355,-0.8631],[37.4265,-0.8667],[37.4201,-0.8627],[37.4159,-0.8623],[37.4123,-0.8594],[37.4147,-0.8549],[37.4129,-0.851],[37.4057,-0.8519],[37.3977,-0.8566],[37.3941,-0.8554],[37.3899,-0.8555],[37.3865,-0.8532],[37.3801,-0.8576],[37.3771,-0.8546],[37.3773,-0.8513],[37.3641,-0.8452],[37.3587,-0.8444],[37.3555,-0.8446],[37.3521,-0.846],[37.3497,-0.8424],[37.3471,-0.8449],[37.3445,-0.843],[37.3413,-0.8439],[37.3385,-0.8466],[37.3271,-0.8433],[37.3247,-0.8405],[37.3263,-0.8372],[37.3215,-0.8369],[37.3189,-0.8339],[37.3137,-0.8234],[37.3139,-0.8204],[37.3065,-0.8143],[37.3071,-0.804],[37.3053,-0.8013],[37.2947,-0.7941],[37.2883,-0.7852],[37.2841,-0.7841],[37.2679,-0.7874],[37.2679,-0.7791],[37.277,-0.7571],[37.2945,-0.7562],[37.3061,-0.7514],[37.3161,-0.7515],[37.3185,-0.7589],[37.3273,-0.7672],[37.3495,-0.7744],[37.3575,-0.7727],[37.3613,-0.7645],[37.3699,-0.7655],[37.3777,-0.7634],[37.3873,-0.7559],[37.3963,-0.7543],[37.4067,-0.7501],[37.4217,-0.7498],[37.4449,-0.733],[37.4631,-0.7363],[37.4671,-0.7305],[37.4749,-0.7276],[37.4925,-0.7335],[37.4961,-0.7316],[37.4929,-0.7247],[37.4793,-0.715],[37.4783,-0.7089],[37.4801,-0.6929],[37.4753,-0.6854],[37.4783,-0.6718],[37.4735,-0.6508],[37.4783,-0.6425],[37.4811,-0.6293],[37.4871,-0.6251],[37.4881,-0.6204],[37.4869,-0.6115],[37.4783,-0.6019],[37.4841,-0.5914]]],[[[37.4841,-0.5914],[37.4795,-0.595],[37.4803,-0.5919],[37.4841,-0.5914]]]]}},{"type":"Feature","properties":{"name":"Kitui","countyCode":15},"geometry":{"type":"Polygon","coordinates":[[[38.3283,-0.0701],[38.3317,-0.0708],[38.3385,-0.0654],[38.3469,-0.0653],[38.3689,-0.0814],[38.3785,-0.0845],[38.3839,-0.0897],[38.3893,-0.0858],[38.3915,-0.0831],[38.3929,-0.0767],[38.3965,-0.0761],[38.4051,-0.0786],[38.4095,-0.078],[38.4139,-0.0766],[38.4195,-0.0728],[38.6343,-0.4357],[38.6581,-0.4765],[38.6583,-0.4796],[38.6633,-0.4852],[38.6785,-0.5128],[38.7829,-0.6881],[38.7863,-0.6979],[38.8069,-0.7288],[38.9623,-1.0546],[38.9625,-1.0803],[38.9701,-1.181],[38.9975,-1.6353],[38.9993,-1.6817],[38.9949,-1.6876],[38.9907,-1.6887],[38.9881,-1.692],[38.9813,-1.6915],[38.9791,-1.694],[38.9699,-1.6973],[38.9597,-1.7044],[39.0141,-1.9162],[39.0003,-1.9483],[38.7967,-2.3435],[38.7905,-2.3453],[38.7885,-2.3535],[38.7847,-2.3569],[38.7687,-2.3562],[38.7627,-2.358],[38.7563,-2.3638],[38.7471,-2.3667],[38.7395,-2.366],[38.7355,-2.3731],[38.7339,-2.3804],[38.7187,-2.3923],[38.7135,-2.3994],[38.7057,-2.4025],[38.7045,-2.4063],[38.6961,-2.4119],[38.6869,-2.4152],[38.6611,-2.4204],[38.6477,-2.4207],[38.6385,-2.418],[38.6349,-2.4188],[38.6309,-2.4146],[38.6279,-2.4138],[38.6247,-2.4138],[39.0761,-3.0432],[39.0659,-3.0437],[39.0611,-3.0422],[39.0547,-3.0361],[39.0467,-3.0336],[39.0455,-3.0245],[39.0369,-3.0271],[39.0281,-3.0233],[39.0251,-3.0235],[39.0191,-3.0269],[39.0137,-3.0278],[38.9921,-3.0285],[38.9873,-3.0349],[38.9783,-3.0413],[38.9749,-3.0419],[38.9539,-3.041],[38.9375,-3.0369],[38.9317,-3.0424],[38.9121,-3.0451],[38.9037,-3.0446],[38.8989,-3.0405],[38.8945,-3.0402],[38.8637,-3.0595],[38.8479,-3.0629],[38.8451,-3.0571],[38.8421,-3.056],[38.8371,-3.0609],[38.8261,-3.0637],[38.8183,-3.0697],[38.8065,-3.0709],[38.7997,-3.0684],[38.7987,-3.0654],[38.7999,-3.0615],[38.8041,-3.0603],[38.8071,-3.0618],[38.8099,-3.0598],[38.8101,-3.056],[38.7977,-3.0537],[38.7895,-3.0502],[38.7793,-3.0501],[38.7741,-3.0457],[38.7575,-3.049],[38.7329,-3.0441],[38.7257,-3.0397],[38.7089,-3.0344],[38.7049,-3.0344],[38.6953,-3.038],[38.6845,-3.0374],[38.6657,-3.0413],[38.6625,-3.0327],[38.6543,-3.0272],[38.6429,-3.015],[38.6177,-3.0122],[38.6101,-3.0092],[38.6075,-3.0053],[38.6089,-2.9974],[38.6023,-3.0011],[38.5939,-3.0009],[38.5835,-2.9896],[38.5621,-2.9888],[38.5509,-2.983],[38.5445,-2.9818],[38.5393,-2.9763],[38.5303,-2.978],[38.5227,-2.9771],[38.5189,-2.9769],[38.5115,-2.9683],[38.5053,-2.9671],[38.4993,-2.9589],[38.4929,-2.9563],[38.4939,-2.9528],[38.4893,-2.9459],[38.4875,-2.9387],[38.4769,-2.9387],[38.4745,-2.9281],[38.4679,-2.9133],[38.4617,-2.905],[38.4617,-2.9008],[38.4585,-2.8974],[38.4533,-2.8967],[38.4513,-2.8945],[38.4557,-2.8859],[38.4541,-2.8825],[38.4465,-2.8822],[38.4439,-2.8792],[38.4461,-2.8754],[38.4459,-2.871],[38.4389,-2.8648],[38.4399,-2.8602],[38.4303,-2.8549],[38.4289,-2.8508],[38.4319,-2.8446],[38.4313,-2.8389],[38.4275,-2.8303],[38.4273,-2.8217],[38.4191,-2.814],[38.4225,-2.8076],[38.4233,-2.7999],[38.4325,-2.7918],[38.4263,-2.7744],[38.4215,-2.7628],[38.4141,-2.7518],[38.4101,-2.7374],[38.4025,-2.724],[38.3911,-2.6959],[38.3823,-2.6707],[38.3827,-2.6662],[38.3689,-2.6536],[38.3675,-2.651],[38.3679,-2.6442],[38.3649,-2.642],[38.3629,-2.6378],[38.3609,-2.6281],[38.3495,-2.6005],[38.3483,-2.5928],[38.3405,-2.5886],[38.3391,-2.5853],[38.3327,-2.564],[38.3385,-2.5584],[38.3325,-2.5529],[38.3231,-2.5498],[38.3237,-2.546],[38.3203,-2.5383],[38.3219,-2.5316],[38.3183,-2.5252],[38.3179,-2.5192],[38.3131,-2.5139],[38.3133,-2.5053],[38.3037,-2.5009],[38.3003,-2.4976],[38.2963,-2.489],[38.2899,-2.4865],[38.2835,-2.4558],[38.2741,-2.426],[38.2597,-2.4224],[38.2537,-2.4232],[38.2481,-2.4191],[38.2449,-2.4144],[38.2381,-2.4121],[38.2315,-2.4039],[38.2243,-2.4019],[38.2221,-2.3986],[38.2109,-2.3573],[38.1983,-2.3552],[38.1897,-2.343],[38.1871,-2.3414],[38.1831,-2.3403],[38.1765,-2.3408],[38.1645,-2.3358],[38.1531,-2.33],[38.1491,-2.3245],[38.1387,-2.3228],[38.1277,-2.3242],[38.1201,-2.3178],[38.1171,-2.314],[38.1157,-2.3051],[38.1101,-2.3021],[38.1121,-2.2899],[38.1099,-2.2872],[38.1029,-2.2847],[38.0993,-2.2778],[38.0955,-2.2755],[38.0897,-2.2753],[38.0869,-2.2724],[38.0845,-2.2645],[38.0769,-2.2636],[38.0767,-2.257],[38.0729,-2.2512],[38.0701,-2.2294],[38.0689,-2.2265],[38.0649,-2.2247],[38.0649,-2.2213],[38.0707,-2.2166],[38.0623,-2.2114],[38.0603,-2.208],[38.0551,-2.1893],[38.0491,-2.182],[38.0513,-2.1749],[38.0489,-2.171],[38.0441,-2.1688],[38.0387,-2.1691],[38.0295,-2.1646],[38.0257,-2.1602],[38.0225,-2.15],[38.0197,-2.1494],[38.0135,-2.1528],[38.0069,-2.1552],[37.9897,-2.1599],[37.9777,-2.1649],[37.9713,-2.1688],[37.9661,-2.168],[37.9639,-2.1456],[37.9547,-2.1359],[37.9573,-2.1116],[37.9601,-2.104],[37.9587,-2.095],[37.9609,-2.0784],[37.9601,-2.0692],[37.9551,-2.059],[37.9559,-2.0513],[37.9495,-2.0369],[37.9461,-2.0394],[37.9403,-2.0354],[37.9441,-2.0255],[37.9407,-2.0227],[37.9401,-2.0192],[37.9417,-2.015],[37.9371,-2.0098],[37.9379,-2.0054],[37.9303,-1.9987],[37.9309,-1.9945],[37.9257,-1.9873],[37.9153,-1.9556],[37.9171,-1.9487],[37.9143,-1.9409],[37.9107,-1.9364],[37.9127,-1.9285],[37.9121,-1.9218],[37.9141,-1.9157],[37.9179,-1.9124],[37.9193,-1.9088],[37.9185,-1.9047],[37.9141,-1.9046],[37.9095,-1.9058],[37.9065,-1.9044],[37.9071,-1.8933],[37.9035,-1.8829],[37.9041,-1.8792],[37.9001,-1.8723],[37.9021,-1.866],[37.9003,-1.8635],[37.8937,-1.861],[37.8897,-1.8612],[37.8861,-1.8544],[37.8883,-1.8463],[37.8923,-1.8447],[37.8937,-1.8419],[37.8909,-1.8381],[37.8795,-1.8317],[37.8687,-1.8187],[37.8491,-1.7999],[37.8401,-1.7816],[37.8403,-1.7744],[37.8427,-1.7697],[37.8469,-1.7692],[37.8503,-1.7709],[37.8531,-1.7681],[37.8561,-1.7559],[37.8513,-1.7326],[37.8463,-1.7263],[37.8453,-1.7141],[37.8371,-1.7117],[37.8377,-1.6934],[37.8337,-1.6906],[37.8303,-1.6839],[37.8259,-1.6846],[37.8219,-1.6832],[37.8207,-1.6787],[37.8231,-1.6724],[37.8223,-1.6688],[37.8109,-1.6602],[37.8065,-1.6552],[37.8063,-1.6514],[37.8025,-1.6502],[37.8045,-1.6447],[37.8037,-1.6414],[37.7965,-1.6297],[37.7937,-1.6282],[37.7929,-1.6237],[37.7879,-1.6156],[37.7853,-1.614],[37.7839,-1.608],[37.7777,-1.5985],[37.7731,-1.5869],[37.7641,-1.582],[37.7621,-1.5798],[37.7573,-1.5712],[37.7517,-1.5629],[37.7503,-1.5563],[37.7423,-1.5546],[37.7367,-1.5485],[37.7257,-1.5311],[37.7245,-1.5267],[37.7217,-1.5253],[37.7141,-1.512],[37.7061,-1.5092],[37.7025,-1.51],[37.6959,-1.5004],[37.7031,-1.4929],[37.7079,-1.4913],[37.7123,-1.491],[37.7211,-1.4951],[37.7343,-1.4984],[37.7461,-1.4953],[37.7747,-1.4882],[37.7803,-1.4802],[37.7813,-1.4741],[37.7837,-1.4713],[37.8075,-1.4516],[37.8175,-1.4492],[37.8177,-1.4453],[37.8135,-1.4409],[37.8143,-1.4376],[37.8057,-1.4049],[37.8051,-1.3969],[37.7997,-1.3975],[37.7993,-1.3939],[37.7905,-1.3782],[37.7867,-1.3778],[37.7793,-1.3692],[37.7761,-1.3627],[37.7631,-1.3576],[37.7489,-1.3596],[37.7463,-1.3571],[37.7455,-1.3529],[37.7405,-1.3488],[37.7383,-1.3447],[37.7349,-1.3436],[37.7257,-1.3233],[37.7251,-1.3164],[37.7227,-1.3145],[37.7175,-1.3024],[37.7147,-1.3004],[37.7141,-1.2933],[37.7101,-1.2912],[37.7027,-1.2742],[37.6997,-1.273],[37.6979,-1.2695],[37.6943,-1.2554],[37.6893,-1.2467],[37.6897,-1.2429],[37.6855,-1.2371],[37.6777,-1.2346],[37.6579,-1.2097],[37.6561,-1.2039],[37.6501,-1.1983],[37.6381,-1.1693],[37.6243,-1.1495],[37.6179,-1.1453],[37.6097,-1.1431],[37.6063,-1.1445],[37.6035,-1.1365],[37.6013,-1.1339],[37.5985,-1.1334],[37.5963,-1.0892],[37.7343,-1.0825],[37.7921,-1.1257],[37.7941,-1.1281],[37.8025,-1.1188],[37.8097,-1.0943],[37.8189,-1.083],[37.8223,-1.0731],[37.8307,-1.0714],[37.8475,-1.0473],[37.8487,-1.044],[37.8475,-1.0313],[37.8495,-1.0275],[37.8509,-1.0103],[37.8473,-0.9978],[37.8553,-0.989],[37.8655,-0.9838],[37.8639,-0.9813],[37.8675,-0.9801],[37.8673,-0.9755],[37.8637,-0.9749],[37.8639,-0.9713],[37.8583,-0.9688],[37.8457,-0.9666],[37.8531,-0.9631],[37.8535,-0.9597],[37.8503,-0.9558],[37.8511,-0.952],[37.8479,-0.9487],[37.8481,-0.9445],[37.8511,-0.9436],[37.8531,-0.9404],[37.8499,-0.9335],[37.8441,-0.9302],[37.8423,-0.9229],[37.8387,-0.9224],[37.8379,-0.9129],[37.8343,-0.9135],[37.8339,-0.9093],[37.8309,-0.9061],[37.8279,-0.9036],[37.8199,-0.9024],[37.8191,-0.8989],[37.8221,-0.8972],[37.8237,-0.8931],[37.8215,-0.8856],[37.8223,-0.8826],[37.8271,-0.8748],[37.8269,-0.8707],[37.8319,-0.8665],[37.8297,-0.8632],[37.8305,-0.8601],[37.8383,-0.8515],[37.8375,-0.8485],[37.8447,-0.8443],[37.8419,-0.8385],[37.8481,-0.8353],[37.8479,-0.8234],[37.8447,-0.8212],[37.8461,-0.8137],[37.8551,-0.8125],[37.8599,-0.8139],[37.8713,-0.8132],[37.8791,-0.809],[37.8833,-0.8098],[37.8849,-0.8067],[37.8805,-0.799],[37.8811,-0.7937],[37.8837,-0.7915],[37.8849,-0.7844],[37.8927,-0.7825],[37.8921,-0.77],[37.9031,-0.7608],[37.9103,-0.7495],[37.9143,-0.7412],[37.9135,-0.7381],[37.9165,-0.7313],[37.9131,-0.7136],[37.9111,-0.7103],[37.9087,-0.7133],[37.9011,-0.7117],[37.8997,-0.7072],[37.9015,-0.6972],[37.9041,-0.6923],[37.9031,-0.6876],[37.8979,-0.6862],[37.8961,-0.6826],[37.8977,-0.6724],[37.8959,-0.6694],[37.8937,-0.6538],[37.8945,-0.6491],[37.9087,-0.6406],[37.9229,-0.6278],[37.9047,-0.6066],[37.9009,-0.5982],[37.8841,-0.5852],[37.8885,-0.562],[37.8881,-0.5554],[37.8831,-0.538],[37.9003,-0.5011],[37.9143,-0.4688],[37.9291,-0.4514],[37.9349,-0.4406],[37.9357,-0.4321],[37.9413,-0.4279],[37.9441,-0.4293],[37.9471,-0.4302],[37.9481,-0.4273],[37.9519,-0.4279],[37.9605,-0.4204],[37.9617,-0.4165],[37.9655,-0.4133],[37.9665,-0.4022],[37.9699,-0.4003],[37.9701,-0.387],[37.9747,-0.38],[37.9733,-0.3703],[37.9693,-0.3662],[37.9797,-0.3563],[37.9729,-0.3485],[37.9731,-0.3444],[37.9809,-0.3286],[37.9863,-0.3259],[37.9867,-0.3217],[37.9805,-0.3143],[37.9867,-0.2977],[37.9929,-0.2894],[37.9939,-0.278],[37.9971,-0.2703],[37.9999,-0.2675],[38.0241,-0.2695],[38.0285,-0.2711],[38.0327,-0.2756],[38.0447,-0.278],[38.0613,-0.2788],[38.0763,-0.2764],[38.0909,-0.2772],[38.1031,-0.2819],[38.1061,-0.2791],[38.1149,-0.2791],[38.1265,-0.2697],[38.1301,-0.2639],[38.1365,-0.259],[38.1405,-0.2473],[38.1427,-0.2446],[38.1459,-0.2423],[38.1505,-0.2435],[38.1591,-0.2407],[38.1645,-0.2352],[38.1641,-0.2271],[38.1833,-0.1923],[38.1863,-0.1779],[38.1851,-0.1683],[38.1873,-0.1553],[38.1943,-0.1541],[38.1961,-0.1505],[38.2045,-0.1483],[38.2075,-0.1438],[38.2073,-0.1345],[38.2089,-0.1301],[38.2127,-0.1281],[38.2147,-0.1177],[38.2209,-0.1093],[38.2357,-0.0969],[38.2473,-0.0913],[38.2545,-0.0911],[38.2631,-0.0968],[38.2713,-0.099],[38.2743,-0.0972],[38.2775,-0.0907],[38.2823,-0.0888],[38.2869,-0.0894],[38.2893,-0.0834],[38.3017,-0.0719],[38.3043,-0.0645],[38.3101,-0.0567],[38.3143,-0.0565],[38.3229,-0.0642],[38.3251,-0.0684],[38.3283,-0.0701]]]}},{"type":"Feature","properties":{"name":"Machakos","countyCode":16},"geometry":{"type":"Polygon","coordinates":[[[37.7446,-0.7819],[37.7475,-0.7883],[37.7507,-0.8057],[37.7581,-0.825],[37.7625,-0.8262],[37.7699,-0.8261],[37.7719,-0.8234],[37.7785,-0.8267],[37.7889,-0.8242],[37.7969,-0.819],[37.8069,-0.8052],[37.8097,-0.8167],[37.8189,-0.8073],[37.8287,-0.8082],[37.8321,-0.8145],[37.8351,-0.8159],[37.8383,-0.8134],[37.8455,-0.814],[37.8447,-0.8212],[37.8479,-0.8234],[37.8481,-0.8353],[37.8419,-0.8385],[37.8447,-0.8443],[37.8375,-0.8485],[37.8383,-0.8515],[37.8305,-0.8601],[37.8297,-0.8632],[37.8309,-0.8673],[37.8271,-0.8693],[37.8271,-0.8734],[37.8223,-0.8826],[37.8215,-0.8856],[37.8237,-0.8931],[37.8221,-0.8972],[37.8191,-0.8989],[37.8201,-0.9025],[37.8279,-0.9036],[37.8309,-0.9061],[37.8339,-0.9093],[37.8343,-0.9135],[37.8379,-0.9129],[37.8387,-0.9224],[37.8417,-0.9227],[37.8437,-0.9302],[37.8499,-0.9335],[37.8531,-0.9404],[37.8511,-0.9436],[37.8481,-0.9445],[37.8479,-0.9487],[37.8511,-0.952],[37.8503,-0.9558],[37.8535,-0.9597],[37.8531,-0.9631],[37.8457,-0.9666],[37.8583,-0.9688],[37.8639,-0.9713],[37.8637,-0.9749],[37.8673,-0.9755],[37.8675,-0.9801],[37.8639,-0.9813],[37.8655,-0.984],[37.8553,-0.989],[37.8473,-0.9978],[37.8509,-1.0103],[37.8495,-1.0275],[37.8475,-1.0313],[37.8487,-1.0422],[37.8461,-1.0501],[37.8307,-1.0714],[37.8223,-1.0731],[37.8189,-1.083],[37.8091,-1.0949],[37.8077,-1.104],[37.8025,-1.1188],[37.7967,-1.125],[37.7921,-1.1257],[37.7343,-1.0825],[37.5955,-1.0889],[37.5985,-1.1334],[37.6013,-1.1339],[37.6035,-1.1365],[37.6063,-1.1445],[37.6097,-1.1431],[37.6191,-1.1458],[37.6253,-1.1505],[37.6381,-1.1693],[37.6501,-1.1983],[37.6549,-1.2025],[37.6575,-1.2097],[37.6625,-1.2141],[37.6773,-1.2343],[37.6861,-1.2381],[37.6889,-1.2418],[37.6893,-1.2467],[37.6943,-1.2554],[37.6987,-1.2717],[37.7025,-1.2742],[37.7097,-1.2902],[37.7141,-1.2946],[37.7145,-1.3001],[37.7175,-1.3024],[37.7221,-1.3132],[37.7251,-1.3162],[37.7257,-1.3231],[37.7331,-1.3389],[37.7327,-1.3425],[37.7383,-1.3447],[37.7405,-1.3488],[37.7455,-1.3529],[37.7455,-1.3585],[37.7631,-1.3576],[37.7761,-1.3627],[37.7807,-1.3718],[37.7867,-1.3778],[37.7905,-1.3782],[37.7993,-1.3939],[37.7997,-1.3975],[37.8051,-1.3969],[37.8065,-1.4085],[37.8143,-1.4376],[37.8135,-1.4409],[37.8197,-1.4484],[37.8075,-1.4516],[37.7837,-1.4713],[37.7813,-1.4741],[37.7803,-1.4802],[37.7747,-1.4882],[37.7561,-1.4923],[37.7527,-1.4918],[37.7461,-1.4953],[37.7343,-1.4984],[37.7209,-1.4951],[37.7123,-1.491],[37.7079,-1.4913],[37.7031,-1.4929],[37.6953,-1.4995],[37.7025,-1.51],[37.7061,-1.5092],[37.7141,-1.512],[37.7367,-1.5485],[37.7423,-1.5546],[37.7503,-1.5563],[37.7517,-1.5629],[37.7535,-1.5687],[37.7473,-1.5712],[37.7381,-1.5767],[37.7337,-1.5834],[37.7365,-1.5864],[37.7359,-1.5941],[37.7297,-1.5988],[37.7291,-1.604],[37.7221,-1.6094],[37.7187,-1.6104],[37.7121,-1.6066],[37.7015,-1.5864],[37.6897,-1.5896],[37.6853,-1.5877],[37.6905,-1.6024],[37.6877,-1.6113],[37.6883,-1.6201],[37.6845,-1.6223],[37.6815,-1.6287],[37.6745,-1.6336],[37.6689,-1.6433],[37.6659,-1.6458],[37.6615,-1.6456],[37.6585,-1.6422],[37.6571,-1.6386],[37.6559,-1.6333],[37.6511,-1.6312],[37.6505,-1.6265],[37.6451,-1.616],[37.6437,-1.611],[37.6435,-1.5947],[37.6413,-1.5925],[37.6413,-1.5891],[37.6355,-1.5919],[37.6325,-1.5917],[37.6241,-1.5831],[37.6223,-1.58],[37.6205,-1.5761],[37.6191,-1.569],[37.6149,-1.5667],[37.6099,-1.5681],[37.6077,-1.5643],[37.6025,-1.564],[37.5981,-1.5543],[37.5827,-1.564],[37.5797,-1.567],[37.5751,-1.567],[37.5765,-1.5607],[37.5685,-1.5601],[37.5643,-1.5618],[37.5589,-1.5601],[37.5579,-1.5571],[37.5625,-1.5554],[37.5599,-1.5526],[37.5523,-1.5509],[37.5513,-1.5473],[37.5547,-1.5451],[37.5549,-1.5421],[37.5517,-1.5399],[37.5485,-1.5391],[37.5437,-1.5427],[37.5235,-1.5402],[37.5211,-1.5386],[37.5213,-1.5355],[37.5189,-1.5336],[37.5175,-1.5291],[37.5135,-1.5272],[37.5093,-1.5294],[37.5051,-1.5294],[37.4873,-1.518],[37.4755,-1.5202],[37.4661,-1.52],[37.4557,-1.5241],[37.4461,-1.5325],[37.4417,-1.5328],[37.4393,-1.5308],[37.4363,-1.5338],[37.4199,-1.5316],[37.4003,-1.523],[37.3925,-1.5233],[37.3867,-1.5206],[37.3793,-1.522],[37.3663,-1.5344],[37.3649,-1.5372],[37.3619,-1.5355],[37.3589,-1.5435],[37.3559,-1.5444],[37.3545,-1.5487],[37.3407,-1.5571],[37.3355,-1.5623],[37.3429,-1.574],[37.3631,-1.5911],[37.3709,-1.6051],[37.3785,-1.6262],[37.3833,-1.6339],[37.3835,-1.6384],[37.3873,-1.6477],[37.3901,-1.6492],[37.3965,-1.6619],[37.4011,-1.6657],[37.4019,-1.6707],[37.4083,-1.6848],[37.4129,-1.6904],[37.3755,-1.707],[37.3657,-1.7064],[37.3587,-1.7086],[37.3485,-1.7066],[37.3427,-1.7025],[37.3387,-1.7036],[37.3357,-1.7036],[37.3325,-1.7014],[37.3213,-1.7034],[37.3129,-1.7025],[37.3031,-1.708],[37.2887,-1.7139],[37.2899,-1.7009],[37.2795,-1.6898],[37.2657,-1.6826],[37.2727,-1.6705],[37.2531,-1.6373],[37.2519,-1.5944],[37.2451,-1.5944],[37.2375,-1.5911],[37.2325,-1.5914],[37.2297,-1.5944],[37.1757,-1.6193],[37.1925,-1.6552],[37.1973,-1.7224],[37.1945,-1.7236],[37.1771,-1.7561],[37.1663,-1.7634],[37.1559,-1.7799],[37.1529,-1.7775],[37.1587,-1.7672],[37.1493,-1.7609],[37.1481,-1.7525],[37.1489,-1.7415],[37.1461,-1.7385],[37.1425,-1.7381],[37.1329,-1.7449],[37.1295,-1.7443],[37.1131,-1.7362],[37.0851,-1.7009],[37.0079,-1.5961],[37.0001,-1.5983],[36.9915,-1.5874],[36.9967,-1.5834],[36.9805,-1.5592],[36.9771,-1.5551],[36.9735,-1.5571],[36.9679,-1.5562],[36.9637,-1.5529],[36.9593,-1.5463],[36.9573,-1.5383],[36.9589,-1.5332],[36.9623,-1.5321],[36.9635,-1.5291],[36.9643,-1.5131],[36.9743,-1.5018],[36.9749,-1.499],[36.9717,-1.492],[36.9775,-1.4788],[36.9481,-1.4617],[36.9493,-1.457],[36.9447,-1.4553],[36.9369,-1.4558],[36.9311,-1.4591],[36.9239,-1.4592],[36.9179,-1.465],[36.8863,-1.4868],[36.8789,-1.478],[36.8891,-1.4221],[36.8917,-1.4152],[36.9319,-1.4329],[36.9411,-1.4329],[36.9511,-1.4379],[36.9555,-1.4376],[36.9619,-1.4445],[36.9623,-1.4384],[36.9595,-1.4365],[36.9559,-1.4293],[36.9475,-1.4219],[36.9449,-1.4077],[36.9427,-1.4041],[36.9377,-1.4],[36.9321,-1.3983],[36.9287,-1.3947],[36.9239,-1.3939],[36.9169,-1.3778],[36.9073,-1.3634],[36.9345,-1.3388],[36.9611,-1.3485],[36.9669,-1.3538],[36.9843,-1.3148],[36.9745,-1.2896],[36.9955,-1.2814],[37.0027,-1.3007],[37.0265,-1.2919],[37.0661,-1.3013],[37.0761,-1.3043],[37.0759,-1.3009],[37.0733,-1.2977],[37.0769,-1.2863],[37.0787,-1.2838],[37.0823,-1.2847],[37.0851,-1.2794],[37.0879,-1.2775],[37.0975,-1.2741],[37.1015,-1.2742],[37.1039,-1.2717],[37.1039,-1.2648],[37.1031,-1.2612],[37.1101,-1.2592],[37.1101,-1.2485],[37.1169,-1.2485],[37.1199,-1.2473],[37.1195,-1.2395],[37.1231,-1.2349],[37.1265,-1.2332],[37.1339,-1.2338],[37.1373,-1.2326],[37.1417,-1.2265],[37.1513,-1.2255],[37.1545,-1.2225],[37.1563,-1.2124],[37.1543,-1.2092],[37.1597,-1.2058],[37.1567,-1.1984],[37.1573,-1.1948],[37.1611,-1.1939],[37.1667,-1.1886],[37.1745,-1.1741],[37.1829,-1.166],[37.1817,-1.1564],[37.1857,-1.1491],[37.1843,-1.1447],[37.1873,-1.1387],[37.1797,-1.1281],[37.1761,-1.1199],[37.1763,-1.116],[37.1805,-1.1104],[37.1889,-1.1057],[37.1929,-1.095],[37.2001,-1.0914],[37.2035,-1.0889],[37.2127,-1.0802],[37.2341,-1.0761],[37.2437,-1.08],[37.2513,-1.0787],[37.2645,-1.0695],[37.2819,-1.0676],[37.2873,-1.0712],[37.2993,-1.0744],[37.3201,-1.0958],[37.3397,-1.1135],[37.3439,-1.1199],[37.3637,-1.0964],[37.3653,-1.093],[37.3879,-1.0604],[37.4213,-1.0355],[37.4067,-1.0145],[37.3627,-0.9901],[37.3389,-0.9877],[37.3335,-0.9788],[37.3467,-0.9791],[37.3645,-0.9682],[37.3665,-0.9653],[37.3573,-0.9531],[37.3559,-0.949],[37.3433,-0.9641],[37.3361,-0.9605],[37.3313,-0.9555],[37.3293,-0.9528],[37.3297,-0.9489],[37.3173,-0.9494],[37.3155,-0.9433],[37.3255,-0.9354],[37.3247,-0.9323],[37.3197,-0.9277],[37.3189,-0.921],[37.2821,-0.8981],[37.2613,-0.8757],[37.2531,-0.8637],[37.2423,-0.864],[37.2415,-0.8612],[37.2265,-0.8546],[37.2333,-0.8407],[37.2591,-0.8394],[37.2627,-0.8145],[37.2637,-0.7935],[37.2679,-0.7874],[37.2841,-0.7841],[37.2883,-0.7852],[37.2947,-0.7941],[37.3053,-0.8013],[37.3071,-0.804],[37.3065,-0.8143],[37.3139,-0.8204],[37.3137,-0.8234],[37.3189,-0.8339],[37.3215,-0.8369],[37.3263,-0.8372],[37.3247,-0.8405],[37.3271,-0.8433],[37.3385,-0.8466],[37.3413,-0.8439],[37.3445,-0.843],[37.3471,-0.8449],[37.3503,-0.8435],[37.3521,-0.846],[37.3555,-0.8446],[37.3587,-0.8444],[37.3631,-0.8455],[37.3773,-0.8513],[37.3771,-0.8546],[37.3801,-0.8576],[37.3865,-0.8532],[37.3889,-0.8566],[37.3941,-0.8554],[37.3977,-0.8566],[37.4057,-0.8519],[37.4129,-0.851],[37.4147,-0.8549],[37.4121,-0.8596],[37.4159,-0.8623],[37.4201,-0.8627],[37.4265,-0.8667],[37.4355,-0.8631],[37.4429,-0.8635],[37.4479,-0.8709],[37.4595,-0.8717],[37.4611,-0.8743],[37.4683,-0.8745],[37.4747,-0.8779],[37.4731,-0.888],[37.4757,-0.8892],[37.4787,-0.8956],[37.4823,-0.8953],[37.4873,-0.9002],[37.4961,-0.9047],[37.5023,-0.9017],[37.5163,-0.9052],[37.5159,-0.9144],[37.5183,-0.9177],[37.5215,-0.9182],[37.5347,-0.9151],[37.5355,-0.9071],[37.5335,-0.8992],[37.5381,-0.8914],[37.5427,-0.8897],[37.5451,-0.8862],[37.5525,-0.8854],[37.5583,-0.8786],[37.5615,-0.8778],[37.5651,-0.8828],[37.5757,-0.8792],[37.5873,-0.8806],[37.5913,-0.8715],[37.5879,-0.8682],[37.5915,-0.8643],[37.5957,-0.8632],[37.6021,-0.8643],[37.6065,-0.8574],[37.6163,-0.8571],[37.6177,-0.8544],[37.6275,-0.8533],[37.6295,-0.8419],[37.6363,-0.8416],[37.6411,-0.8477],[37.6467,-0.845],[37.6561,-0.849],[37.6653,-0.8482],[37.6717,-0.8381],[37.6733,-0.8303],[37.6817,-0.8239],[37.6805,-0.8198],[37.6829,-0.8104],[37.6819,-0.799],[37.6851,-0.7966],[37.6931,-0.7971],[37.6951,-0.7933],[37.6987,-0.7913],[37.6995,-0.7877],[37.7023,-0.7858],[37.7069,-0.7841],[37.7169,-0.7822],[37.7253,-0.7827],[37.7339,-0.7771],[37.7445,-0.7816],[37.7446,-0.7819]]]}},{"type":"Feature","properties":{"name":"Nyandarua","countyCode":18},"geometry":{"type":"Polygon","coordinates":[[[36.5043,0.095],[36.5121,0.0867],[36.5241,0.048],[36.5785,0.0696],[36.5921,0.0419],[36.5943,0.0234],[36.6053,0.003],[36.6377,0.0145],[36.6511,-0.0161],[36.5913,-0.0197],[36.5829,-0.0222],[36.5773,-0.0327],[36.5627,-0.043],[36.5605,-0.0509],[36.5569,-0.0549],[36.5519,-0.0695],[36.5603,-0.0762],[36.5557,-0.0903],[36.5625,-0.0889],[36.5665,-0.0968],[36.5733,-0.1037],[36.5931,-0.1024],[36.6357,-0.1066],[36.6569,-0.1532],[36.6603,-0.1522],[36.6909,-0.1743],[36.6835,-0.1765],[36.6845,-0.1849],[36.6163,-0.3096],[36.6153,-0.3192],[36.6113,-0.3272],[36.6099,-0.335],[36.6111,-0.3438],[36.6169,-0.3563],[36.6083,-0.3638],[36.6047,-0.3679],[36.6047,-0.3715],[36.6057,-0.3746],[36.6091,-0.377],[36.6161,-0.3784],[36.6307,-0.3864],[36.6325,-0.3898],[36.6239,-0.4014],[36.6355,-0.4133],[36.6513,-0.4353],[36.6505,-0.45],[36.6521,-0.4595],[36.6595,-0.4614],[36.6651,-0.4664],[36.6681,-0.4791],[36.6617,-0.492],[36.6625,-0.5018],[36.6589,-0.5073],[36.6587,-0.5126],[36.6593,-0.5169],[36.6649,-0.5283],[36.6647,-0.5344],[36.6695,-0.5446],[36.6711,-0.5728],[36.6727,-0.5756],[36.6797,-0.5787],[36.6805,-0.5877],[36.6853,-0.5994],[36.6905,-0.6049],[36.6985,-0.6182],[36.7073,-0.6271],[36.7087,-0.6309],[36.7065,-0.6459],[36.7101,-0.6635],[36.7087,-0.6779],[36.7077,-0.6987],[36.7139,-0.7147],[36.7139,-0.7255],[36.7169,-0.7346],[36.7197,-0.7568],[36.7243,-0.7672],[36.7331,-0.7767],[36.7363,-0.7802],[36.7299,-0.7802],[36.7241,-0.783],[36.7209,-0.7813],[36.7213,-0.7869],[36.7243,-0.7944],[36.7219,-0.8057],[36.7099,-0.788],[36.7077,-0.7847],[36.7027,-0.7822],[36.6867,-0.7642],[36.6721,-0.7595],[36.6649,-0.7642],[36.6629,-0.7678],[36.6595,-0.7681],[36.6555,-0.7658],[36.6507,-0.7684],[36.6465,-0.7731],[36.6503,-0.7747],[36.6609,-0.7735],[36.6735,-0.7785],[36.6713,-0.7821],[36.6227,-0.8281],[36.6229,-0.8314],[36.5895,-0.8291],[36.5929,-0.8502],[36.6015,-0.8624],[36.6011,-0.866],[36.5909,-0.8875],[36.5815,-0.8928],[36.5661,-0.9038],[36.5639,-0.9069],[36.5711,-0.9102],[36.5567,-0.9199],[36.5449,-0.9083],[36.5561,-0.8726],[36.5531,-0.8551],[36.5627,-0.8422],[36.5577,-0.8317],[36.5337,-0.739],[36.5327,-0.7302],[36.5215,-0.711],[36.5451,-0.6975],[36.5219,-0.6533],[36.5271,-0.6469],[36.5253,-0.6397],[36.5179,-0.6331],[36.5175,-0.6295],[36.5201,-0.6262],[36.5163,-0.6248],[36.5119,-0.6156],[36.5073,-0.6223],[36.4687,-0.627],[36.4565,-0.6112],[36.4521,-0.5661],[36.4453,-0.5697],[36.4223,-0.5736],[36.4067,-0.575],[36.4043,-0.5723],[36.4041,-0.5614],[36.4069,-0.5534],[36.4037,-0.5471],[36.4053,-0.5421],[36.4013,-0.5344],[36.4021,-0.5291],[36.4059,-0.5231],[36.4015,-0.5164],[36.4033,-0.5125],[36.4035,-0.5084],[36.4031,-0.5054],[36.3981,-0.5021],[36.3985,-0.4902],[36.3947,-0.4805],[36.3939,-0.4727],[36.3917,-0.4666],[36.3891,-0.4647],[36.3869,-0.4573],[36.3889,-0.4537],[36.3897,-0.4464],[36.3861,-0.4273],[36.3819,-0.4254],[36.3805,-0.4213],[36.3809,-0.413],[36.3783,-0.4044],[36.3675,-0.3978],[36.3617,-0.3823],[36.3433,-0.3856],[36.3343,-0.3895],[36.3155,-0.3862],[36.3115,-0.3687],[36.2937,-0.3737],[36.2765,-0.3928],[36.2635,-0.3432],[36.2531,-0.3427],[36.2461,-0.3471],[36.2355,-0.3443],[36.2321,-0.3452],[36.2305,-0.3513],[36.2261,-0.3474],[36.2243,-0.3403],[36.2145,-0.2946],[36.2137,-0.2713],[36.2193,-0.2673],[36.2455,-0.2556],[36.2447,-0.2481],[36.2383,-0.2307],[36.2243,-0.2099],[36.2209,-0.2117],[36.2127,-0.2036],[36.2121,-0.1887],[36.2015,-0.1365],[36.2201,-0.1134],[36.2213,-0.1057],[36.2291,-0.1069],[36.2283,-0.1149],[36.2481,-0.1184],[36.2521,-0.0844],[36.2513,-0.0601],[36.2473,-0.0603],[36.2497,-0.051],[36.2535,-0.0462],[36.2555,-0.0363],[36.2533,-0.0339],[36.2569,-0.0264],[36.2579,-0.02],[36.2679,-0.0205],[36.2731,-0.0021],[36.2765,0.0008],[36.2925,0.0107],[36.2959,0.0022],[36.3021,0.0044],[36.3048,0.0151],[36.3295,0.0207],[36.3299,0.0252],[36.3441,0.0295],[36.3485,0.0303],[36.3529,0.0181],[36.3651,0.0193],[36.3875,0.0265],[36.3903,0.0282],[36.3913,0.0319],[36.3987,0.029],[36.4023,0.0297],[36.4015,0.0345],[36.4059,0.0386],[36.4197,0.0384],[36.4259,0.0428],[36.4027,0.0555],[36.4039,0.0585],[36.4237,0.0829],[36.4441,0.0909],[36.4437,0.0948],[36.4465,0.0928],[36.4663,0.1374],[36.5043,0.095]]]}},{"type":"Feature","properties":{"name":"Nyeri","countyCode":19},"geometry":{"type":"Polygon","coordinates":[[[37.0785,-0.0004],[37.0861,-0.0128],[37.1133,-0.0366],[37.1163,-0.0314],[37.1201,-0.0197],[37.1329,-0.0311],[37.1333,-0.0354],[37.1367,-0.0388],[37.1407,-0.0419],[37.3085,-0.1521],[37.2057,-0.424],[37.201,-0.4308],[37.2004,-0.4388],[37.1978,-0.4415],[37.1907,-0.443],[37.1875,-0.4435],[37.1843,-0.4406],[37.1795,-0.4412],[37.1768,-0.4433],[37.1774,-0.4824],[37.1642,-0.4913],[37.1634,-0.4948],[37.1707,-0.5092],[37.1711,-0.5143],[37.1685,-0.5177],[37.1651,-0.5181],[37.1623,-0.5245],[37.1572,-0.5224],[37.1547,-0.5258],[37.15,-0.525],[37.1463,-0.5286],[37.1483,-0.541],[37.1474,-0.5459],[37.1504,-0.5562],[37.149,-0.5637],[37.1454,-0.5652],[37.1454,-0.5707],[37.1503,-0.575],[37.1528,-0.5839],[37.1613,-0.5938],[37.1687,-0.594],[37.1716,-0.5997],[37.1789,-0.6028],[37.1797,-0.6062],[37.1802,-0.6127],[37.1737,-0.6239],[37.1729,-0.6286],[37.1745,-0.6328],[37.1711,-0.6337],[37.1684,-0.6371],[37.1557,-0.6386],[37.1535,-0.6419],[37.1418,-0.6394],[37.1274,-0.6469],[37.1207,-0.6469],[37.1031,-0.6391],[37.1021,-0.6317],[37.0993,-0.6287],[37.0863,-0.6248],[37.0777,-0.6171],[37.0673,-0.6124],[37.0631,-0.6132],[37.0597,-0.6118],[37.0567,-0.6046],[37.0507,-0.5977],[37.0359,-0.5927],[37.0261,-0.5921],[37.0163,-0.5863],[36.9971,-0.5856],[36.9951,-0.5791],[36.9871,-0.5769],[36.9769,-0.5811],[36.9667,-0.5878],[36.9585,-0.5891],[36.9519,-0.5944],[36.9365,-0.5994],[36.9245,-0.6055],[36.9201,-0.6052],[36.9143,-0.6104],[36.8983,-0.6094],[36.8841,-0.6104],[36.8803,-0.6082],[36.8773,-0.6073],[36.8685,-0.6057],[36.8627,-0.6074],[36.8473,-0.595],[36.8395,-0.5949],[36.8223,-0.5842],[36.8141,-0.5825],[36.8111,-0.5803],[36.8109,-0.5714],[36.8041,-0.5698],[36.8003,-0.5695],[36.7931,-0.5711],[36.7781,-0.5673],[36.7581,-0.569],[36.7499,-0.5712],[36.7335,-0.5673],[36.7259,-0.5709],[36.7093,-0.5869],[36.7099,-0.6019],[36.7123,-0.6085],[36.7105,-0.6112],[36.7099,-0.6152],[36.7103,-0.6234],[36.7077,-0.627],[36.6985,-0.6182],[36.6905,-0.6049],[36.6857,-0.5994],[36.6805,-0.5877],[36.6799,-0.5786],[36.6727,-0.5756],[36.6711,-0.5726],[36.6695,-0.5446],[36.6647,-0.5344],[36.6649,-0.5283],[36.6635,-0.5239],[36.6593,-0.5169],[36.6589,-0.5073],[36.6625,-0.5018],[36.6617,-0.492],[36.6681,-0.4791],[36.6651,-0.4664],[36.6595,-0.4614],[36.6521,-0.4595],[36.6513,-0.4353],[36.6355,-0.4133],[36.6239,-0.4014],[36.6325,-0.3898],[36.6307,-0.3865],[36.6161,-0.3784],[36.6091,-0.377],[36.6057,-0.3746],[36.6047,-0.3715],[36.6053,-0.3676],[36.6083,-0.3638],[36.6169,-0.3563],[36.6111,-0.3438],[36.6099,-0.335],[36.6111,-0.3272],[36.6153,-0.3193],[36.6159,-0.3101],[36.6845,-0.1849],[36.6835,-0.1765],[36.6909,-0.1743],[36.6605,-0.1522],[36.7109,-0.1359],[36.7175,-0.1289],[36.7523,-0.1206],[36.7661,-0.1091],[36.7691,-0.1141],[36.7935,-0.1076],[36.8311,-0.104],[36.8321,-0.1348],[36.8489,-0.1373],[36.8619,-0.1444],[36.8599,-0.1526],[36.8639,-0.1586],[36.8655,-0.1655],[36.8673,-0.1688],[36.8715,-0.174],[36.8717,-0.1782],[36.8699,-0.1812],[36.8669,-0.1821],[36.8655,-0.1868],[36.8583,-0.1906],[36.8523,-0.1967],[36.8408,-0.1984],[36.8455,-0.2125],[36.8419,-0.2141],[36.8573,-0.255],[36.8721,-0.2482],[36.8739,-0.2531],[36.8795,-0.2581],[36.9493,-0.2797],[36.9881,-0.2955],[36.9989,-0.2714],[36.9915,-0.2558],[36.9997,-0.252],[37.0103,-0.242],[37.0125,-0.2396],[37.0139,-0.2329],[37.0123,-0.2288],[37.0091,-0.2235],[37.0197,-0.1754],[37.0151,-0.1619],[37.0101,-0.1566],[37.0079,-0.1492],[36.9971,-0.1453],[36.9867,-0.1336],[36.9835,-0.101],[36.9791,-0.0792],[36.979,-0.0714],[36.9825,-0.069],[36.9865,-0.069],[36.9897,-0.0667],[36.9979,-0.065],[37.0263,-0.049],[37.0517,-0.0151],[37.0545,-0.0075],[37.0617,-0.0008],[37.0687,-0.0023],[37.074,0.008],[37.0786,0.0104],[37.0785,-0.0004]]]}},{"type":"Feature","properties":{"name":"Kirinyaga","countyCode":20},"geometry":{"type":"Polygon","coordinates":[[[37.4239,-0.442],[37.4237,-0.4459],[37.4273,-0.4479],[37.4283,-0.4514],[37.4283,-0.468],[37.4247,-0.4844],[37.4297,-0.4959],[37.4271,-0.5],[37.4275,-0.5106],[37.4343,-0.5217],[37.4453,-0.5307],[37.4481,-0.5454],[37.4505,-0.5482],[37.4537,-0.551],[37.4617,-0.5524],[37.4625,-0.556],[37.4723,-0.5585],[37.4745,-0.5607],[37.4785,-0.5748],[37.4851,-0.5822],[37.4843,-0.5891],[37.4791,-0.5949],[37.4791,-0.6029],[37.4829,-0.6049],[37.4869,-0.6115],[37.4883,-0.6177],[37.4869,-0.6251],[37.4811,-0.6293],[37.4785,-0.6425],[37.4735,-0.6508],[37.4743,-0.6602],[37.4783,-0.6696],[37.4751,-0.6853],[37.4795,-0.6912],[37.4805,-0.6956],[37.4781,-0.7117],[37.4793,-0.715],[37.4933,-0.7252],[37.4961,-0.7318],[37.4935,-0.7337],[37.4733,-0.7271],[37.4671,-0.7305],[37.4643,-0.7318],[37.4633,-0.7352],[37.4449,-0.733],[37.4217,-0.7498],[37.4067,-0.7501],[37.3873,-0.7559],[37.3777,-0.7634],[37.3709,-0.7659],[37.3613,-0.7645],[37.3569,-0.7727],[37.3501,-0.7744],[37.3325,-0.7694],[37.3241,-0.7648],[37.3189,-0.76],[37.3153,-0.7507],[37.3073,-0.7512],[37.2987,-0.7554],[37.2899,-0.757],[37.2769,-0.757],[37.2679,-0.7791],[37.2679,-0.7874],[37.2641,-0.7816],[37.2629,-0.7786],[37.2623,-0.7703],[37.2567,-0.7589],[37.2575,-0.7547],[37.2619,-0.7528],[37.2643,-0.7547],[37.2687,-0.7547],[37.2643,-0.7484],[37.2659,-0.7446],[37.2575,-0.7334],[37.2579,-0.7271],[37.2515,-0.7243],[37.2529,-0.7208],[37.2489,-0.7108],[37.2449,-0.7083],[37.2437,-0.7053],[37.2443,-0.6979],[37.2399,-0.6812],[37.2373,-0.6787],[37.2375,-0.6702],[37.2339,-0.6691],[37.2261,-0.6751],[37.2145,-0.6901],[37.2117,-0.684],[37.2069,-0.6795],[37.2049,-0.6768],[37.2013,-0.6651],[37.1807,-0.6677],[37.1805,-0.6619],[37.1775,-0.6557],[37.1705,-0.6492],[37.172,-0.6442],[37.1684,-0.6371],[37.1711,-0.6337],[37.1745,-0.6328],[37.1729,-0.6286],[37.1737,-0.6239],[37.1801,-0.6127],[37.1797,-0.6062],[37.1789,-0.6029],[37.1715,-0.5997],[37.1687,-0.5939],[37.1613,-0.5938],[37.1525,-0.5836],[37.1503,-0.575],[37.1453,-0.5706],[37.1453,-0.5653],[37.1489,-0.5637],[37.1503,-0.5562],[37.1473,-0.5459],[37.1483,-0.541],[37.1463,-0.5286],[37.1499,-0.525],[37.1547,-0.5258],[37.1571,-0.5225],[37.1623,-0.5244],[37.1649,-0.5181],[37.1685,-0.5178],[37.1711,-0.5144],[37.1697,-0.5068],[37.1633,-0.4948],[37.1669,-0.4888],[37.1773,-0.4824],[37.1767,-0.4434],[37.1795,-0.4412],[37.1843,-0.4406],[37.1875,-0.4434],[37.1905,-0.4431],[37.1977,-0.4415],[37.2003,-0.4389],[37.2009,-0.4307],[37.2057,-0.424],[37.3085,-0.1521],[37.4253,-0.424],[37.4267,-0.4342],[37.4239,-0.442]]]}},{"type":"Feature","properties":{"name":"Murang'a","countyCode":21},"geometry":{"type":"Polygon","coordinates":[[[36.7855,-0.5686],[36.7931,-0.5711],[36.8003,-0.5695],[36.8041,-0.5698],[36.8097,-0.5726],[36.8129,-0.582],[36.8223,-0.5842],[36.8395,-0.5949],[36.8473,-0.595],[36.8609,-0.6065],[36.8647,-0.6071],[36.8679,-0.6057],[36.8773,-0.6073],[36.8803,-0.6082],[36.8835,-0.6098],[36.8855,-0.6124],[36.8889,-0.6105],[36.8983,-0.6094],[36.9135,-0.6104],[36.9177,-0.6088],[36.9205,-0.6055],[36.9245,-0.6055],[36.9361,-0.5997],[36.9505,-0.5952],[36.9557,-0.5903],[36.9671,-0.5883],[36.9725,-0.5834],[36.9835,-0.5795],[36.9857,-0.5772],[36.9895,-0.5775],[36.9945,-0.5791],[36.9985,-0.5864],[37.0173,-0.587],[37.0257,-0.5922],[37.0401,-0.5938],[37.0507,-0.5977],[37.0631,-0.6145],[37.0673,-0.6124],[37.0777,-0.6171],[37.0863,-0.6248],[37.0929,-0.6257],[37.0993,-0.6287],[37.1017,-0.6304],[37.1027,-0.6386],[37.1207,-0.6469],[37.1273,-0.6469],[37.1417,-0.6394],[37.1535,-0.6419],[37.1557,-0.6386],[37.1684,-0.6371],[37.1719,-0.6442],[37.1703,-0.6494],[37.1759,-0.6533],[37.1803,-0.6611],[37.1805,-0.6677],[37.1865,-0.668],[37.1981,-0.6647],[37.2011,-0.6652],[37.2069,-0.6795],[37.2145,-0.6901],[37.2261,-0.6749],[37.2339,-0.6691],[37.2375,-0.6698],[37.2375,-0.679],[37.2443,-0.6979],[37.2437,-0.7053],[37.2449,-0.7083],[37.249,-0.711],[37.2529,-0.7207],[37.2513,-0.7244],[37.2579,-0.7271],[37.2575,-0.7334],[37.2659,-0.7446],[37.2643,-0.7484],[37.2687,-0.7547],[37.2641,-0.7547],[37.2619,-0.7528],[37.2575,-0.7548],[37.2567,-0.7589],[37.2623,-0.7703],[37.2641,-0.7816],[37.2679,-0.7874],[37.2633,-0.794],[37.2591,-0.8394],[37.2333,-0.8407],[37.2263,-0.8546],[37.2415,-0.8612],[37.2423,-0.864],[37.2531,-0.8637],[37.2613,-0.8757],[37.2821,-0.8981],[37.3193,-0.9213],[37.3173,-0.9238],[37.3247,-0.9323],[37.3255,-0.9354],[37.3155,-0.9433],[37.3173,-0.9494],[37.3297,-0.9489],[37.3293,-0.9528],[37.3313,-0.9555],[37.3361,-0.9605],[37.3433,-0.9641],[37.3553,-0.9498],[37.3573,-0.9531],[37.3665,-0.9653],[37.3645,-0.9682],[37.3467,-0.9791],[37.3335,-0.9788],[37.3389,-0.9877],[37.3623,-0.9899],[37.4067,-1.0145],[37.4213,-1.0357],[37.3879,-1.0604],[37.3653,-1.093],[37.3625,-1.095],[37.3583,-1.0925],[37.3527,-1.0933],[37.3481,-1.0913],[37.3397,-1.0811],[37.3355,-1.0823],[37.3301,-1.0783],[37.3265,-1.0789],[37.3239,-1.077],[37.3179,-1.0673],[37.3147,-1.0657],[37.3115,-1.0672],[37.2857,-1.0426],[37.2775,-1.0313],[37.2655,-1.0188],[37.2571,-1.0198],[37.2447,-1.0255],[37.2401,-1.0247],[37.2319,-1.0189],[37.2253,-1.0272],[37.2195,-1.028],[37.2145,-1.0344],[37.2073,-1.035],[37.1923,-1.0427],[37.1779,-1.0347],[37.1759,-1.0422],[37.1733,-1.0446],[37.1647,-1.049],[37.1569,-1.0502],[37.1549,-1.0532],[37.1471,-1.0502],[37.1397,-1.0507],[37.1363,-1.0504],[37.1339,-1.0488],[37.1251,-1.0534],[37.1217,-1.051],[37.1161,-1.0413],[37.1081,-1.0366],[37.1033,-1.0349],[37.0987,-1.0369],[37.0939,-1.0338],[37.0887,-1.0338],[37.0785,-1.0307],[37.0705,-1.0261],[37.0687,-1.0227],[37.0695,-1.0189],[37.0627,-1.0131],[37.0611,-1.0162],[37.0631,-1.0245],[37.0613,-1.0282],[37.0515,-1.0341],[37.0381,-1.0313],[37.0337,-1.0294],[37.0317,-1.0272],[37.0239,-1.0128],[37.0175,-1.0098],[37.0051,-0.999],[36.9923,-0.9907],[36.9821,-0.9796],[36.9665,-0.9744],[36.9567,-0.9575],[36.9535,-0.9569],[36.9459,-0.9506],[36.9437,-0.9467],[36.9333,-0.9412],[36.9283,-0.9362],[36.9241,-0.9362],[36.9199,-0.9312],[36.9171,-0.9306],[36.9143,-0.9271],[36.9089,-0.9182],[36.9083,-0.9151],[36.8947,-0.9119],[36.8899,-0.9039],[36.8891,-0.8981],[36.8809,-0.8964],[36.8785,-0.8933],[36.8653,-0.8906],[36.8599,-0.884],[36.8525,-0.8833],[36.8395,-0.8776],[36.8333,-0.8745],[36.8247,-0.866],[36.8063,-0.8571],[36.8025,-0.8522],[36.7735,-0.8342],[36.7519,-0.8331],[36.7419,-0.819],[36.7317,-0.8121],[36.7277,-0.8115],[36.7231,-0.8063],[36.7243,-0.7944],[36.7209,-0.7813],[36.7241,-0.783],[36.7299,-0.7802],[36.7345,-0.7802],[36.7331,-0.7767],[36.7243,-0.7672],[36.7197,-0.7568],[36.7169,-0.7346],[36.7139,-0.7255],[36.7139,-0.7147],[36.7079,-0.6992],[36.7107,-0.6851],[36.7087,-0.6779],[36.7099,-0.6622],[36.7065,-0.6459],[36.7109,-0.6199],[36.7099,-0.6152],[36.7105,-0.6112],[36.7123,-0.6085],[36.7099,-0.6019],[36.7093,-0.5869],[36.7259,-0.5709],[36.7335,-0.5673],[36.7499,-0.5712],[36.7581,-0.569],[36.7781,-0.5673],[36.7855,-0.5686]]]}},{"type":"Feature","properties":{"name":"Kiambu","countyCode":22},"geometry":{"type":"Polygon","coordinates":[[[36.6868,-0.7642],[36.7027,-0.7822],[36.7099,-0.788],[36.7209,-0.8054],[36.7277,-0.8115],[36.7317,-0.8121],[36.7419,-0.819],[36.7519,-0.8331],[36.7719,-0.8334],[36.7789,-0.8372],[36.7827,-0.8413],[36.8025,-0.8522],[36.8063,-0.8571],[36.8219,-0.8646],[36.8395,-0.8776],[36.8525,-0.8833],[36.8599,-0.884],[36.8653,-0.8906],[36.8785,-0.8933],[36.8809,-0.8964],[36.8843,-0.8978],[36.8877,-0.8969],[36.8899,-0.8995],[36.8899,-0.9039],[36.8951,-0.9119],[36.9083,-0.9151],[36.9089,-0.9182],[36.9143,-0.9271],[36.9241,-0.9362],[36.9283,-0.9362],[36.9333,-0.9412],[36.9571,-0.9584],[36.9665,-0.9744],[36.9825,-0.9799],[36.9915,-0.9896],[37.0175,-1.0095],[37.0239,-1.0128],[37.0317,-1.0272],[37.0337,-1.0294],[37.0381,-1.0313],[37.0515,-1.0341],[37.0613,-1.0282],[37.0631,-1.0231],[37.0611,-1.0162],[37.0627,-1.0133],[37.0689,-1.0189],[37.0687,-1.0227],[37.0691,-1.0261],[37.0887,-1.0338],[37.0937,-1.0336],[37.0987,-1.0369],[37.1033,-1.0349],[37.1081,-1.0366],[37.1161,-1.0413],[37.1217,-1.0509],[37.1249,-1.0534],[37.1339,-1.0488],[37.1363,-1.0504],[37.1397,-1.0507],[37.1441,-1.0496],[37.1549,-1.0532],[37.1569,-1.0502],[37.1651,-1.0488],[37.1735,-1.0446],[37.1759,-1.0422],[37.1781,-1.0346],[37.1923,-1.0429],[37.1983,-1.041],[37.2057,-1.0355],[37.2145,-1.0343],[37.2195,-1.028],[37.2253,-1.0272],[37.2319,-1.0189],[37.2403,-1.0247],[37.2447,-1.0255],[37.2573,-1.0198],[37.2657,-1.0189],[37.2857,-1.0426],[37.3117,-1.0675],[37.3147,-1.0657],[37.3177,-1.0673],[37.3239,-1.077],[37.3267,-1.0789],[37.3305,-1.0786],[37.3355,-1.0822],[37.3397,-1.0811],[37.3481,-1.0913],[37.3529,-1.0932],[37.3583,-1.0925],[37.3625,-1.0952],[37.3431,-1.1187],[37.3397,-1.1135],[37.3275,-1.101],[37.3201,-1.0958],[37.2993,-1.0744],[37.2841,-1.069],[37.2793,-1.0676],[37.2645,-1.0695],[37.2499,-1.0795],[37.2451,-1.0795],[37.2341,-1.0761],[37.2127,-1.0802],[37.2001,-1.0914],[37.1929,-1.095],[37.1889,-1.1057],[37.1797,-1.1115],[37.1763,-1.116],[37.1751,-1.1198],[37.1797,-1.1281],[37.1873,-1.1387],[37.1843,-1.1447],[37.1857,-1.1491],[37.1817,-1.1564],[37.1829,-1.166],[37.1745,-1.1741],[37.1667,-1.1886],[37.1611,-1.1939],[37.1573,-1.1948],[37.1565,-1.1992],[37.1597,-1.2058],[37.1543,-1.2092],[37.1563,-1.2124],[37.1545,-1.2225],[37.1513,-1.2255],[37.1417,-1.2265],[37.1373,-1.2326],[37.1339,-1.2338],[37.1265,-1.2332],[37.1235,-1.2349],[37.1195,-1.2395],[37.1195,-1.247],[37.1169,-1.2485],[37.1101,-1.2484],[37.1103,-1.2589],[37.1065,-1.2603],[37.1031,-1.2609],[37.0875,-1.249],[37.0955,-1.2448],[37.0915,-1.2379],[37.0877,-1.2341],[37.0809,-1.2373],[37.0703,-1.2177],[37.0617,-1.2064],[37.0581,-1.2086],[37.0549,-1.2069],[37.0381,-1.2133],[37.0317,-1.22],[37.0165,-1.2285],[37.0127,-1.2354],[37.0083,-1.236],[37.0037,-1.236],[36.9977,-1.2334],[36.9919,-1.2254],[36.9887,-1.2241],[36.9791,-1.2247],[36.9715,-1.2282],[36.9645,-1.2288],[36.9585,-1.2288],[36.9475,-1.226],[36.9391,-1.2222],[36.9331,-1.2219],[36.9221,-1.2172],[36.9165,-1.2125],[36.9141,-1.2086],[36.9179,-1.2023],[36.9407,-1.1779],[36.9417,-1.1743],[36.9343,-1.1701],[36.9269,-1.1682],[36.9195,-1.1622],[36.9021,-1.1605],[36.8977,-1.1613],[36.8945,-1.1685],[36.8891,-1.1743],[36.8959,-1.1867],[36.8969,-1.1917],[36.8873,-1.1956],[36.8785,-1.1964],[36.8701,-1.1945],[36.8639,-1.1904],[36.8601,-1.2019],[36.8527,-1.2026],[36.8501,-1.2131],[36.8333,-1.2091],[36.8347,-1.2149],[36.7909,-1.1915],[36.7849,-1.2028],[36.7853,-1.2061],[36.7889,-1.2078],[36.7789,-1.2268],[36.7723,-1.2235],[36.7705,-1.2263],[36.7623,-1.2216],[36.7565,-1.2203],[36.7459,-1.2371],[36.7309,-1.2348],[36.7255,-1.2515],[36.7187,-1.2626],[36.7045,-1.2581],[36.7015,-1.2617],[36.6967,-1.2606],[36.6941,-1.2639],[36.6967,-1.2677],[36.6931,-1.268],[36.6951,-1.2706],[36.6917,-1.2717],[36.6919,-1.2755],[36.6889,-1.2755],[36.6889,-1.2828],[36.6817,-1.298],[36.6743,-1.3073],[36.6709,-1.306],[36.6663,-1.3137],[36.6609,-1.3035],[36.5003,-1.2722],[36.4923,-1.2695],[36.5151,-1.2426],[36.5179,-1.2258],[36.5457,-1.1264],[36.5585,-1.1116],[36.5723,-1.0997],[36.5871,-1.0726],[36.5917,-1.0681],[36.5913,-1.0527],[36.5887,-1.044],[36.5891,-1.0388],[36.5957,-1.012],[36.5983,-0.9935],[36.5973,-0.9854],[36.5909,-0.9838],[36.5887,-0.9794],[36.5875,-0.9765],[36.5885,-0.9653],[36.5813,-0.9497],[36.5785,-0.9462],[36.5743,-0.9445],[36.5697,-0.9458],[36.5623,-0.939],[36.5733,-0.9321],[36.5675,-0.9285],[36.5549,-0.9266],[36.5567,-0.9199],[36.5711,-0.9102],[36.5649,-0.9074],[36.5661,-0.9038],[36.5815,-0.8928],[36.5903,-0.8886],[36.6017,-0.8638],[36.5929,-0.8502],[36.5895,-0.8292],[36.6229,-0.8314],[36.6227,-0.8281],[36.6713,-0.7821],[36.6735,-0.7785],[36.6609,-0.7735],[36.6505,-0.7745],[36.6465,-0.7731],[36.6507,-0.7684],[36.6555,-0.7658],[36.6595,-0.7681],[36.6629,-0.7678],[36.6695,-0.7612],[36.6733,-0.76],[36.6868,-0.7642]]]}},{"type":"Feature","properties":{"name":"Turkana","countyCode":23},"geometry":{"type":"Polygon","coordinates":[[[35.6323,5.3727],[35.6387,5.373],[35.6445,5.3786],[35.6483,5.3799],[35.6569,5.3801],[35.6699,5.3849],[35.6747,5.384],[35.6841,5.386],[35.7077,5.381],[35.7175,5.3823],[35.7235,5.3799],[35.7269,5.3766],[35.7269,5.373],[35.7251,5.3705],[35.7261,5.3674],[35.7433,5.3708],[35.7525,5.3688],[35.7629,5.3625],[35.7625,5.3583],[35.7657,5.3561],[35.7759,5.355],[35.7891,5.3453],[35.7931,5.3459],[35.7999,5.3423],[35.8141,5.3389],[35.8179,5.3389],[35.8283,5.3437],[35.8349,5.3414],[35.8375,5.3378],[35.8387,5.3298],[35.8459,5.3208],[35.8461,5.306],[35.8539,5.2944],[35.8535,5.2892],[35.8423,5.2731],[35.8363,5.2413],[35.8407,5.2284],[35.8505,5.2117],[35.8513,5.2037],[35.8553,5.1921],[35.8555,5.1857],[35.8529,5.1755],[35.8561,5.1625],[35.8561,5.1517],[35.8539,5.1453],[35.8517,5.1186],[35.8439,5.0762],[35.8419,5.0456],[35.8419,5.0104],[35.8377,4.9863],[35.8353,4.9379],[35.8363,4.9344],[35.8433,4.9297],[35.8607,4.9252],[35.8741,4.9175],[35.8863,4.9034],[35.8969,4.8859],[35.9041,4.8514],[35.9107,4.8074],[35.9157,4.7363],[35.9225,4.691],[35.9225,4.6396],[35.9505,4.626],[35.9481,4.6219],[35.9405,4.5898],[35.9403,4.582],[35.9427,4.5787],[35.9637,4.574],[35.9643,4.5624],[35.9435,4.5448],[35.9991,4.4955],[36.0511,4.4526],[36.0509,4.449],[36.0493,4.1296],[36.0503,3.9828],[36.0521,3.2978],[36.0527,3.2361],[36.0719,3.2245],[36.0747,3.2234],[36.1031,3.2182],[36.1125,3.2178],[36.1211,3.211],[36.1315,3.2081],[36.1393,3.2065],[36.1425,3.2084],[36.1411,3.2134],[36.1425,3.2175],[36.1457,3.2206],[36.1497,3.2187],[36.1513,3.2153],[36.1527,3.2101],[36.1513,3.1894],[36.1391,3.1518],[36.1397,3.1479],[36.1465,3.1398],[36.1499,3.1332],[36.1527,3.1108],[36.1503,3.0931],[36.1535,3.0851],[36.1487,3.0726],[36.1423,3.0707],[36.1409,3.0679],[36.1399,3.0608],[36.1429,3.0508],[36.1409,3.0328],[36.1371,3.024],[36.1365,3.011],[36.1327,3.0082],[36.1277,2.9991],[36.1245,2.9808],[36.1261,2.9783],[36.1301,2.9778],[36.1311,2.9734],[36.1367,2.9775],[36.1349,2.9664],[36.1431,2.9678],[36.1583,2.9668],[36.1649,2.9653],[36.1709,2.9667],[36.1809,2.9651],[36.1923,2.9667],[36.2027,2.9604],[36.2169,2.9579],[36.2213,2.9554],[36.2369,2.9551],[36.2471,2.9487],[36.2539,2.9512],[36.2575,2.9593],[36.2613,2.946],[36.2621,2.933],[36.2675,2.9205],[36.2699,2.9084],[36.2833,2.8904],[36.2935,2.886],[36.2999,2.886],[36.3225,2.8727],[36.3469,2.8613],[36.3609,2.8592],[36.3641,2.8567],[36.3689,2.8489],[36.3789,2.8398],[36.3843,2.832],[36.3877,2.824],[36.3883,2.8172],[36.3969,2.7977],[36.4153,2.7654],[36.4195,2.7607],[36.4225,2.7424],[36.4219,2.7349],[36.4305,2.7159],[36.4333,2.7123],[36.4459,2.7052],[36.4471,2.7002],[36.4387,2.6888],[36.4349,2.6758],[36.4367,2.6658],[36.4353,2.651],[36.4385,2.6418],[36.4387,2.6326],[36.4433,2.6241],[36.4541,2.6105],[36.4637,2.6077],[36.4723,2.6075],[36.4753,2.5989],[36.4937,2.5744],[36.4963,2.5716],[36.5141,2.5594],[36.5169,2.5552],[36.5259,2.524],[36.5311,2.5188],[36.5315,2.4972],[36.5285,2.4897],[36.5283,2.4852],[36.5301,2.4703],[36.5255,2.4562],[36.5251,2.4444],[36.5325,2.43],[36.5407,2.4039],[36.5491,2.4003],[36.5545,2.3959],[36.5611,2.3945],[36.5667,2.3974],[36.5685,2.4012],[36.5763,2.4018],[36.5795,2.404],[36.5879,2.4054],[36.5935,2.4103],[36.6027,2.4031],[36.6019,2.3584],[36.7253,2.2997],[36.7229,2.2842],[36.7239,2.2729],[36.7165,2.2657],[36.7091,2.2616],[36.7087,2.2582],[36.7125,2.2552],[36.7145,2.2521],[36.7151,2.2491],[36.7149,2.2446],[36.7139,2.2416],[36.7107,2.2366],[36.7131,2.2281],[36.7125,2.2228],[36.7017,2.2162],[36.7019,2.2067],[36.7037,2.2007],[36.7019,2.1968],[36.6921,2.1949],[36.6821,2.1908],[36.6715,2.1844],[36.6595,2.1725],[36.6493,2.1667],[36.6371,2.1619],[36.6211,2.159],[36.6137,2.1556],[36.6133,2.16],[36.6095,2.1584],[36.6011,2.1518],[36.5963,2.1446],[36.5895,2.144],[36.5875,2.1418],[36.5845,2.1349],[36.5813,2.1194],[36.5659,2.1028],[36.5655,2.0989],[36.5683,2.0901],[36.5667,2.0787],[36.5697,2.0552],[36.5589,2.048],[36.5525,2.0323],[36.5467,2.0273],[36.5483,2.0234],[36.5455,2.0218],[36.5479,2.0157],[36.5477,2.0029],[36.5449,2.0057],[36.5421,2.0051],[36.5411,2.0022],[36.5463,1.9969],[36.5471,1.9928],[36.5419,1.9762],[36.5365,1.9662],[36.5327,1.9548],[36.5345,1.9518],[36.5403,1.9548],[36.5411,1.9504],[36.5409,1.9313],[36.5427,1.9219],[36.5381,1.9053],[36.5389,1.9017],[36.5331,1.897],[36.5249,1.8846],[36.5169,1.8777],[36.5157,1.8721],[36.5169,1.8511],[36.5191,1.8475],[36.5227,1.8492],[36.5255,1.8459],[36.5225,1.8345],[36.5245,1.8317],[36.5235,1.8288],[36.5169,1.8296],[36.5151,1.8273],[36.5161,1.8215],[36.5221,1.8124],[36.5341,1.805],[36.5245,1.7903],[36.5257,1.787],[36.5221,1.7818],[36.5169,1.7782],[36.5183,1.7715],[36.5141,1.7729],[36.5123,1.7706],[36.5131,1.7674],[36.5195,1.7612],[36.5191,1.7579],[36.5209,1.7549],[36.5241,1.7576],[36.5259,1.7615],[36.5281,1.7593],[36.5283,1.7551],[36.5231,1.7464],[36.5223,1.7422],[36.5205,1.7399],[36.5171,1.7402],[36.5149,1.7383],[36.5095,1.7298],[36.5089,1.7225],[36.5041,1.7164],[36.5049,1.7103],[36.5029,1.7073],[36.4963,1.7038],[36.4889,1.7029],[36.4873,1.6982],[36.4881,1.6904],[36.4865,1.6816],[36.4821,1.6774],[36.4781,1.6653],[36.4713,1.6554],[36.4697,1.6344],[36.4631,1.6125],[36.4555,1.6127],[36.4467,1.6161],[36.4431,1.6141],[36.4341,1.5948],[36.4323,1.5845],[36.4297,1.5812],[36.4275,1.5723],[36.4209,1.568],[36.4143,1.5602],[36.3983,1.5254],[36.3955,1.5237],[36.3917,1.5229],[36.3767,1.5405],[36.3735,1.5687],[36.3771,1.5752],[36.3777,1.5824],[36.3757,1.5889],[36.3711,1.5937],[36.3597,1.5846],[36.3589,1.5817],[36.3589,1.571],[36.3573,1.5687],[36.3485,1.5685],[36.3457,1.5699],[36.3447,1.573],[36.3269,1.5599],[36.3167,1.5497],[36.3083,1.5444],[36.3033,1.5384],[36.3015,1.5129],[36.2979,1.4985],[36.3003,1.4905],[36.2999,1.4866],[36.2895,1.4656],[36.2921,1.4626],[36.3157,1.4692],[36.3235,1.4687],[36.3449,1.4424],[36.3479,1.4394],[36.3543,1.4358],[36.3575,1.435],[36.3689,1.4364],[36.3763,1.4399],[36.3807,1.4394],[36.3879,1.4432],[36.3927,1.443],[36.3977,1.4385],[36.4027,1.4307],[36.4101,1.4258],[36.4195,1.4155],[36.4271,1.4133],[36.4285,1.4081],[36.4393,1.4095],[36.4425,1.4083],[36.4485,1.4097],[36.4547,1.3981],[36.4577,1.3965],[36.4601,1.3995],[36.4633,1.4006],[36.4665,1.3981],[36.4667,1.3829],[36.4631,1.3724],[36.4603,1.3688],[36.4427,1.36],[36.4335,1.3497],[36.4267,1.347],[36.4231,1.3428],[36.4215,1.3324],[36.4143,1.3284],[36.4049,1.3154],[36.3977,1.3157],[36.3951,1.3143],[36.3945,1.3102],[36.3971,1.306],[36.4037,1.3055],[36.4067,1.2975],[36.4107,1.2977],[36.4215,1.2936],[36.4267,1.2975],[36.4353,1.3011],[36.4385,1.2991],[36.4377,1.2898],[36.4463,1.2745],[36.4515,1.2688],[36.4543,1.2558],[36.4527,1.2521],[36.4485,1.25],[36.4323,1.2635],[36.4233,1.2662],[36.4177,1.2724],[36.4107,1.2756],[36.4031,1.2717],[36.3991,1.274],[36.3957,1.2679],[36.3917,1.267],[36.3893,1.2629],[36.3909,1.2602],[36.3977,1.2529],[36.4061,1.25],[36.4115,1.2576],[36.4147,1.2544],[36.4157,1.2438],[36.4215,1.2369],[36.4221,1.2341],[36.4173,1.225],[36.4119,1.2291],[36.4065,1.2276],[36.3961,1.2189],[36.3979,1.207],[36.3971,1.1924],[36.3907,1.1863],[36.3919,1.1742],[36.3939,1.1716],[36.3977,1.1711],[36.4215,1.1841],[36.4337,1.1766],[36.4387,1.1761],[36.4421,1.1739],[36.4417,1.1614],[36.4361,1.1503],[36.4371,1.1438],[36.4345,1.1371],[36.4405,1.1304],[36.4451,1.1144],[36.4453,1.1102],[36.4417,1.1025],[36.4395,1.0876],[36.4441,1.0694],[36.4431,1.0605],[36.4453,1.0536],[36.4435,1.0392],[36.4473,1.0331],[36.4537,1.0157],[36.4515,0.9994],[36.4465,0.9812],[36.4317,0.9493],[36.4197,0.9328],[36.3989,0.9133],[36.3947,0.9112],[36.3931,0.9198],[36.3883,0.9256],[36.3899,0.9394],[36.3887,0.9471],[36.3854,0.9488],[36.3836,0.9525],[36.3757,0.9548],[36.3697,0.9538],[36.3639,0.9615],[36.3536,0.9646],[36.3487,0.9719],[36.3467,0.985],[36.3439,0.9869],[36.343,0.9902],[36.3357,0.9913],[36.3173,0.9884],[36.1739,1.1689],[36.0979,1.1669],[36.0203,1.2878],[36.0003,1.3199],[35.7813,1.662],[35.7733,1.6636],[35.7643,1.6672],[35.7585,1.6716],[35.7403,1.6769],[35.7255,1.6868],[35.7215,1.6879],[35.7029,1.7043],[35.6735,1.7222],[35.6689,1.7286],[35.6577,1.7325],[35.6507,1.7386],[35.6215,1.748],[35.6091,1.7496],[35.6003,1.7582],[35.5939,1.7616],[35.5827,1.758],[35.5731,1.7601],[35.5679,1.758],[35.5505,1.764],[35.5321,1.7616],[35.5177,1.767],[35.5027,1.7648],[35.4959,1.7679],[35.4971,1.772],[35.4953,1.7762],[35.4837,1.7908],[35.4827,1.7953],[35.4763,1.7983],[35.4725,1.8033],[35.4773,1.811],[35.4739,1.8132],[35.4765,1.8213],[35.4765,1.8246],[35.4737,1.8346],[35.4681,1.8401],[35.4615,1.8396],[35.4573,1.845],[35.4539,1.8453],[35.4463,1.8561],[35.3725,1.9255],[35.3709,1.9285],[35.3751,1.9343],[35.3769,1.9429],[35.3817,1.9473],[35.3881,1.9488],[35.3915,1.9523],[35.3903,1.9595],[35.3931,1.962],[35.3845,2.0036],[35.3451,2.1617],[35.3125,2.2778],[35.3079,2.3243],[35.3075,2.3483],[35.3069,2.3655],[35.3037,2.3967],[35.2985,2.417],[35.2957,2.423],[35.2923,2.4261],[35.2729,2.435],[35.2537,2.4371],[35.2499,2.4385],[35.2467,2.4421],[35.2335,2.4449],[35.2295,2.4482],[35.2223,2.4625],[35.2207,2.477],[35.2167,2.4916],[35.2159,2.4971],[35.2157,2.5232],[35.2135,2.54],[35.1875,2.569],[35.1865,2.5765],[35.1783,2.5968],[35.1669,2.615],[35.1581,2.626],[35.1559,2.6279],[35.1293,2.6445],[35.1133,2.6503],[35.1087,2.6454],[35.0963,2.6424],[35.0851,2.6352],[35.0809,2.6321],[35.0749,2.6221],[35.0667,2.6188],[35.0647,2.6163],[35.0603,2.6053],[35.0605,2.5968],[35.0571,2.5848],[35.0589,2.5713],[35.0561,2.5613],[35.0393,2.5314],[35.0279,2.5148],[35.0203,2.5066],[35.0163,2.4952],[35.0211,2.4812],[35.0201,2.4695],[35.0225,2.461],[35.0203,2.457],[35.0203,2.4534],[35.0233,2.4413],[35.0257,2.4382],[35.0263,2.4308],[34.9709,2.4418],[34.9527,2.4526],[34.9473,2.4529],[34.9531,2.4579],[34.9539,2.4709],[34.9485,2.4706],[34.9345,2.5063],[34.9347,2.5132],[34.9135,2.5126],[34.9051,2.5448],[34.8979,2.5831],[34.8941,2.5884],[34.8805,2.5846],[34.8793,2.5682],[34.8685,2.5663],[34.8533,2.579],[34.8385,2.5997],[34.8305,2.6169],[34.7993,2.6509],[34.7947,2.6697],[34.7901,2.6794],[34.7757,2.6938],[34.7845,2.738],[34.7847,2.7452],[34.7811,2.771],[34.7751,2.7948],[34.7671,2.8177],[34.7607,2.824],[34.7503,2.821],[34.7377,2.8497],[34.7329,2.8533],[34.7127,2.8602],[34.7093,2.8688],[34.7029,2.8727],[34.6929,2.8575],[34.6703,2.8589],[34.6543,2.8622],[34.6409,2.9023],[34.6001,2.9205],[34.5895,2.9764],[34.5895,2.9979],[34.5887,3.0008],[34.5837,3.0058],[34.5815,3.0096],[34.5815,3.0132],[34.5773,3.0187],[34.5747,3.0511],[34.5771,3.0776],[34.5741,3.0983],[34.5601,3.1102],[34.5469,3.1344],[34.5377,3.1409],[34.5121,3.1482],[34.4947,3.1402],[34.4903,3.1532],[34.4847,3.1633],[34.4723,3.1714],[34.4611,3.1734],[34.4557,3.1816],[34.4579,3.2002],[34.4543,3.2228],[34.4525,3.2264],[34.4487,3.2804],[34.4399,3.3044],[34.4369,3.3208],[34.4277,3.3428],[34.4139,3.36],[34.4023,3.3691],[34.4007,3.3758],[34.4021,3.4133],[34.4115,3.4156],[34.4193,3.4313],[34.4179,3.4494],[34.4065,3.4673],[34.3923,3.4806],[34.3901,3.4897],[34.3921,3.4924],[34.3971,3.487],[34.4245,3.4897],[34.4351,3.4964],[34.4511,3.5165],[34.4563,3.5569],[34.4571,3.5779],[34.4543,3.6099],[34.4645,3.6675],[34.4557,3.6749],[34.4231,3.6866],[34.4051,3.6908],[34.4015,3.7038],[34.3789,3.7292],[34.3713,3.733],[34.3551,3.7341],[34.3255,3.7256],[34.3183,3.719],[34.3069,3.6843],[34.3033,3.6843],[34.3057,3.6882],[34.3087,3.7106],[34.2837,3.7306],[34.2677,3.7466],[34.2603,3.7638],[34.2467,3.7828],[34.2329,3.7795],[34.2279,3.772],[34.2267,3.7811],[34.2213,3.782],[34.1923,3.7706],[34.1731,3.7654],[34.1659,3.7742],[34.1919,3.7803],[34.1903,3.7927],[34.1761,3.7984],[34.1711,3.7989],[34.1633,3.795],[34.1597,3.7997],[34.1537,3.7984],[34.1535,3.8052],[34.1647,3.8093],[34.1705,3.8193],[34.1809,3.8293],[34.2177,3.8298],[34.2261,3.8284],[34.2265,3.8483],[34.2165,3.8791],[34.2021,3.881],[34.1767,3.8779],[34.1699,3.8738],[34.1687,3.8686],[34.1645,3.8705],[34.1501,3.8677],[34.1283,3.87],[34.1091,3.8664],[34.0935,3.8592],[34.0887,3.8602],[34.0915,3.8832],[34.1153,3.8951],[34.1193,3.8998],[34.1297,3.9327],[34.1355,3.9587],[34.1049,3.9762],[34.0805,4.0021],[34.0613,4.0076],[34.0591,4.0262],[34.0895,4.0359],[34.0923,4.045],[34.0927,4.0671],[34.0813,4.0838],[34.0639,4.0918],[34.0505,4.1192],[34.0667,4.1404],[34.0485,4.1764],[34.0393,4.1852],[33.9927,4.2212],[34.4735,4.6896],[34.5955,4.7917],[34.7023,4.8851],[34.8841,5.04],[35.1259,5.2406],[35.2665,5.4111],[35.6057,5.4117],[35.6117,5.4048],[35.6159,5.3953],[35.6239,5.3871],[35.6323,5.3727]]]}},{"type":"Feature","properties":{"name":"West Pokot","countyCode":24},"geometry":{"type":"Polygon","coordinates":[[[35.2591,2.436],[35.2729,2.435],[35.2923,2.4261],[35.2957,2.423],[35.2985,2.417],[35.3035,2.3956],[35.3075,2.3483],[35.3079,2.3243],[35.3125,2.2778],[35.3427,2.165],[35.3449,2.1611],[35.3717,2.0475],[35.3841,2.0035],[35.3929,1.9618],[35.3903,1.9595],[35.3917,1.9524],[35.3879,1.9488],[35.3819,1.9473],[35.3767,1.9427],[35.3751,1.9343],[35.3701,1.928],[35.3727,1.9236],[35.4459,1.8553],[35.4531,1.8472],[35.4541,1.844],[35.4571,1.845],[35.4619,1.8392],[35.4679,1.8403],[35.4737,1.8346],[35.4765,1.8213],[35.4753,1.8174],[35.4717,1.8154],[35.4769,1.8105],[35.4747,1.8047],[35.4721,1.8027],[35.4749,1.8014],[35.4763,1.7983],[35.4827,1.7955],[35.4865,1.7856],[35.4969,1.7746],[35.4973,1.7674],[35.5047,1.7638],[35.5071,1.766],[35.5165,1.7676],[35.5277,1.7624],[35.5455,1.7624],[35.5501,1.764],[35.5681,1.7582],[35.5745,1.7601],[35.5829,1.7579],[35.5949,1.7612],[35.5993,1.7593],[35.6077,1.7507],[35.6215,1.748],[35.6391,1.7427],[35.6415,1.7405],[35.6507,1.7386],[35.6595,1.7317],[35.6687,1.7286],[35.6755,1.7204],[35.6801,1.7189],[35.6895,1.7112],[35.7015,1.7051],[35.7195,1.6894],[35.7325,1.6813],[35.7403,1.6769],[35.7585,1.6716],[35.7643,1.6672],[35.7733,1.6636],[35.7813,1.662],[35.7863,1.6545],[35.7819,1.6539],[35.7803,1.651],[35.7811,1.6467],[35.7781,1.6396],[35.7829,1.6316],[35.7889,1.6288],[35.7909,1.6252],[35.7889,1.6229],[35.7823,1.6222],[35.7811,1.6185],[35.7819,1.6142],[35.7863,1.6075],[35.7843,1.6039],[35.7807,1.602],[35.7825,1.5981],[35.7815,1.594],[35.7827,1.5904],[35.7801,1.5867],[35.7833,1.5781],[35.7803,1.5752],[35.7807,1.5707],[35.7761,1.5677],[35.7745,1.5506],[35.7715,1.5477],[35.7689,1.5397],[35.7697,1.532],[35.7641,1.5297],[35.7615,1.5162],[35.7561,1.5137],[35.7523,1.5073],[35.7531,1.5041],[35.7435,1.5013],[35.7425,1.4972],[35.7307,1.4852],[35.7305,1.4822],[35.7247,1.4731],[35.7199,1.4695],[35.7239,1.4567],[35.7215,1.4546],[35.7197,1.4482],[35.714,1.4458],[35.7132,1.4417],[35.7111,1.4388],[35.7076,1.4366],[35.7091,1.4297],[35.7065,1.4258],[35.7083,1.4192],[35.7071,1.4162],[35.7085,1.4131],[35.7117,1.4115],[35.7112,1.4086],[35.7082,1.4075],[35.7078,1.4044],[35.711,1.401],[35.7045,1.3995],[35.6999,1.3865],[35.7025,1.3849],[35.7017,1.3807],[35.6965,1.3746],[35.6949,1.3666],[35.6887,1.3565],[35.6907,1.3503],[35.6887,1.3461],[35.6897,1.3432],[35.6937,1.3376],[35.6967,1.3365],[35.6961,1.3334],[35.7007,1.3251],[35.6982,1.3225],[35.6979,1.3163],[35.6919,1.3168],[35.6881,1.3165],[35.6721,1.3135],[35.6325,1.2989],[35.6277,1.2934],[35.6245,1.2927],[35.6169,1.2867],[35.6129,1.2797],[35.6088,1.2778],[35.6041,1.2776],[35.5899,1.2809],[35.5797,1.2892],[35.5691,1.29],[35.5613,1.2875],[35.5581,1.2842],[35.5461,1.2847],[35.5009,1.2507],[35.4533,1.2094],[35.358,1.1315],[35.3431,1.1256],[35.3185,1.1675],[35.3159,1.1694],[35.3083,1.1717],[35.3053,1.1671],[35.3029,1.1564],[35.2961,1.1443],[35.2943,1.1371],[35.2915,1.1344],[35.2879,1.134],[35.1523,1.1982],[35.1317,1.1858],[35.1245,1.1838],[35.1211,1.1858],[35.1161,1.186],[35.1063,1.1822],[35.1027,1.1835],[35.0917,1.1819],[35.0885,1.1799],[35.0857,1.1672],[35.0739,1.1766],[35.0621,1.1794],[35.0469,1.193],[35.0439,1.1938],[35.0383,1.2024],[35.0443,1.214],[35.0259,1.2319],[35.0137,1.253],[34.9947,1.2568],[34.9705,1.2463],[34.9391,1.2513],[34.9057,1.25],[34.9069,1.269],[34.9073,1.2812],[34.8195,1.2585],[34.8291,1.2659],[34.8313,1.2696],[34.8297,1.2732],[34.8289,1.2847],[34.8307,1.3041],[34.8289,1.3088],[34.7857,1.3661],[34.7767,1.3832],[34.7791,1.3956],[34.7939,1.41],[34.8015,1.4211],[34.8183,1.4297],[34.8253,1.4404],[34.8331,1.4471],[34.8363,1.4488],[34.8475,1.4498],[34.8503,1.4531],[34.8535,1.4604],[34.8563,1.474],[34.8549,1.4941],[34.8639,1.5262],[34.8899,1.5535],[34.9057,1.5511],[34.9173,1.5577],[34.9205,1.5578],[34.9227,1.5608],[34.9437,1.5759],[34.9515,1.5865],[34.9911,1.6642],[34.9995,1.7466],[35.0009,1.837],[35.0293,1.9203],[34.9933,1.9642],[34.9841,1.9791],[34.9839,2.0188],[34.9825,2.0232],[34.9811,2.0508],[34.9471,2.2032],[34.9253,2.342],[34.9203,2.3661],[34.9177,2.3904],[34.9147,2.3946],[34.9165,2.4211],[34.9289,2.4272],[34.9315,2.43],[34.9309,2.4364],[34.9343,2.4368],[34.9367,2.4391],[34.9369,2.4427],[34.9449,2.4524],[34.9527,2.4526],[34.9709,2.4418],[35.0263,2.4308],[35.0257,2.4382],[35.0233,2.4413],[35.0203,2.4534],[35.0203,2.457],[35.0225,2.461],[35.0201,2.4695],[35.0211,2.4812],[35.0163,2.4952],[35.0203,2.5066],[35.0279,2.5148],[35.0393,2.5314],[35.0561,2.5613],[35.0589,2.5713],[35.0571,2.5848],[35.0605,2.5968],[35.0603,2.6053],[35.0647,2.6163],[35.0667,2.6188],[35.0749,2.6221],[35.0809,2.6321],[35.0851,2.6352],[35.0963,2.6424],[35.1087,2.6454],[35.1133,2.6503],[35.1295,2.6443],[35.1559,2.6279],[35.1581,2.626],[35.1669,2.615],[35.1783,2.5968],[35.1865,2.5765],[35.1875,2.569],[35.2135,2.54],[35.2159,2.4971],[35.2243,2.4565],[35.2325,2.4452],[35.2467,2.4421],[35.2499,2.4385],[35.2591,2.436]]]}},{"type":"Feature","properties":{"name":"Samburu","countyCode":25},"geometry":{"type":"Polygon","coordinates":[[[36.759,2.5127],[36.8453,2.2724],[36.8653,2.2521],[36.8929,2.1932],[36.8955,2.1902],[36.9023,2.1548],[36.9145,2.1241],[36.9125,2.1025],[36.9151,2.0997],[36.9183,2.099],[36.9197,2.0932],[36.9223,2.0564],[36.9203,2.0511],[36.9201,2.0323],[36.9171,2.0201],[36.9181,2.0162],[36.9251,2.0157],[36.9381,2.0229],[36.9481,2.0245],[36.9527,2.0229],[36.9615,2.0157],[36.9771,2.0063],[36.9983,1.9972],[37.0027,1.9905],[37.0091,1.9836],[37.0121,1.982],[37.0759,1.98],[37.0951,1.972],[37.1229,1.9648],[37.1619,1.9618],[37.1643,1.9386],[37.1721,1.9249],[37.1817,1.9156],[37.2211,1.8882],[37.2325,1.8716],[37.2363,1.8694],[37.2745,1.8672],[37.2907,1.8066],[37.2907,1.8014],[37.2931,1.7969],[37.3047,1.7521],[37.3071,1.7488],[37.3505,1.7319],[37.3597,1.7267],[37.4761,1.5469],[37.5005,1.498],[37.5593,1.3938],[37.5645,1.3879],[37.5701,1.3866],[37.5749,1.378],[37.5787,1.3766],[37.5819,1.3716],[37.5833,1.3672],[37.5817,1.3635],[37.5875,1.3649],[37.5915,1.3763],[37.5979,1.3826],[37.5991,1.3879],[37.6015,1.3862],[37.6051,1.3768],[37.6083,1.3736],[37.6131,1.3727],[37.6235,1.3758],[37.6245,1.3801],[37.6315,1.3818],[37.6341,1.3852],[37.6517,1.3974],[37.6557,1.3981],[37.6599,1.3937],[37.6711,1.3967],[37.6735,1.3995],[37.6775,1.4009],[37.6843,1.3968],[37.7155,1.4054],[37.7335,1.404],[37.7379,1.4047],[37.7477,1.41],[37.7553,1.4095],[37.7713,1.4117],[37.7783,1.41],[37.7839,1.4164],[37.7953,1.4122],[37.8039,1.4156],[37.8113,1.4155],[37.8175,1.4198],[37.8287,1.4186],[37.8313,1.4216],[37.8443,1.4234],[37.8477,1.4344],[37.8471,1.4393],[37.8511,1.4444],[37.8507,1.4493],[37.8541,1.4568],[37.9523,1.3849],[37.9469,1.261],[37.9499,1.1918],[37.9741,1.1595],[38.0015,1.1265],[38.0331,1.0824],[38.0475,0.8033],[38.0793,0.7811],[38.0721,0.7811],[38.0623,0.7776],[38.0547,0.7768],[38.0487,0.78],[38.0463,0.785],[38.0341,0.789],[38.0223,0.7969],[38.0173,0.7969],[38.0167,0.8014],[38.0133,0.8028],[38.0093,0.8],[38.0093,0.7919],[38.0063,0.7878],[38.0015,0.7862],[37.9953,0.7773],[37.9879,0.7756],[37.9803,0.7673],[37.9699,0.7521],[37.9633,0.751],[37.9563,0.7442],[37.9473,0.743],[37.9303,0.7211],[37.9253,0.7176],[37.9219,0.7181],[37.9185,0.7161],[37.9163,0.7123],[37.9125,0.7125],[37.9101,0.7195],[37.9061,0.719],[37.9027,0.7211],[37.9039,0.7253],[37.9015,0.7276],[37.8979,0.7264],[37.8943,0.7283],[37.8919,0.7352],[37.8895,0.7372],[37.8791,0.7416],[37.8751,0.7344],[37.8767,0.7311],[37.8743,0.727],[37.8677,0.725],[37.8619,0.7197],[37.8487,0.7117],[37.8447,0.704],[37.8435,0.6979],[37.8455,0.6902],[37.8365,0.6792],[37.8329,0.6774],[37.8243,0.6777],[37.8205,0.6769],[37.8177,0.6749],[37.8037,0.6742],[37.7925,0.6705],[37.7859,0.6749],[37.7781,0.6756],[37.7679,0.672],[37.7581,0.6711],[37.7497,0.6747],[37.7453,0.6727],[37.7415,0.6656],[37.7363,0.6603],[37.7327,0.6604],[37.7283,0.6542],[37.7255,0.6532],[37.7153,0.6584],[37.7099,0.667],[37.7063,0.6661],[37.6925,0.662],[37.6859,0.655],[37.6837,0.6509],[37.6839,0.6443],[37.6823,0.6412],[37.6751,0.6388],[37.6659,0.6324],[37.6513,0.6302],[37.6449,0.6221],[37.6405,0.6207],[37.6391,0.6142],[37.6421,0.612],[37.6371,0.6047],[37.6375,0.6005],[37.6359,0.5975],[37.6317,0.5954],[37.6283,0.5983],[37.6231,0.597],[37.6193,0.5983],[37.6061,0.5898],[37.5961,0.5901],[37.5891,0.5865],[37.5839,0.5862],[37.5823,0.582],[37.5827,0.5737],[37.5803,0.5721],[37.5741,0.573],[37.5707,0.5708],[37.5571,0.5694],[37.5465,0.5762],[37.5383,0.5715],[37.5361,0.5671],[37.5321,0.5646],[37.5251,0.5687],[37.5213,0.5688],[37.5161,0.5657],[37.5091,0.5679],[37.5041,0.573],[37.4937,0.5759],[37.4913,0.5781],[37.4931,0.5824],[37.4927,0.587],[37.4891,0.5884],[37.4837,0.5884],[37.4809,0.5868],[37.4771,0.5876],[37.4717,0.5917],[37.4683,0.5917],[37.4597,0.5845],[37.4461,0.5798],[37.4421,0.581],[37.4367,0.5788],[37.4285,0.5818],[37.4219,0.5782],[37.4073,0.5784],[37.3943,0.5759],[37.3905,0.5757],[37.3737,0.5867],[37.3657,0.5859],[37.3643,0.589],[37.3645,0.5961],[37.3617,0.5983],[37.3573,0.5986],[37.3547,0.6011],[37.3529,0.6221],[37.3503,0.6244],[37.3491,0.6304],[37.3443,0.6373],[37.3449,0.6407],[37.3405,0.6465],[37.3323,0.6495],[37.3275,0.6568],[37.3233,0.6713],[37.3145,0.6843],[37.3095,0.6971],[37.3053,0.7031],[37.3057,0.7065],[37.3005,0.7192],[37.2907,0.7305],[37.2877,0.7364],[37.2735,0.7442],[37.2715,0.7485],[37.2583,0.7623],[37.2461,0.7607],[37.2359,0.7502],[37.2295,0.7469],[37.2191,0.738],[37.2131,0.7383],[37.2063,0.7405],[37.2045,0.7438],[37.2013,0.7446],[37.1839,0.7414],[37.1739,0.7435],[37.1713,0.7416],[37.1671,0.7414],[37.1635,0.745],[37.1619,0.7496],[37.1517,0.7532],[37.1507,0.7579],[37.1349,0.758],[37.1273,0.7646],[37.1243,0.7742],[37.1179,0.7797],[37.1097,0.779],[37.1065,0.7842],[37.1005,0.7854],[37.0933,0.7817],[37.0721,0.7765],[37.0701,0.7652],[37.0661,0.764],[37.0623,0.7654],[37.0581,0.7701],[37.0435,0.7629],[37.0091,0.7505],[37.0011,0.7486],[36.9963,0.7491],[36.9809,0.7433],[36.9743,0.7455],[36.9671,0.7408],[36.9477,0.7428],[36.9379,0.7505],[36.9351,0.751],[36.9317,0.7416],[36.9215,0.7372],[36.9167,0.7272],[36.9121,0.7272],[36.9091,0.7291],[36.9087,0.7328],[36.9031,0.7385],[36.8945,0.7377],[36.8867,0.7339],[36.8661,0.7369],[36.8635,0.7397],[36.8623,0.7469],[36.8527,0.7706],[36.8435,0.7861],[36.8423,0.7894],[36.8441,0.7942],[36.8349,0.8019],[36.8337,0.8129],[36.8305,0.8199],[36.8201,0.8404],[36.8199,0.8514],[36.8179,0.8547],[36.8073,0.8622],[36.7939,0.8691],[36.7799,0.8663],[36.7571,0.8572],[36.7389,0.829],[36.7359,0.8268],[36.7157,0.8182],[36.7031,0.8208],[36.6901,0.8201],[36.6765,0.8163],[36.6755,0.8127],[36.6683,0.8124],[36.4881,0.8124],[36.4847,0.813],[36.4837,0.816],[36.4903,0.8461],[36.4853,0.8519],[36.4817,0.8519],[36.4713,0.8611],[36.4659,0.8633],[36.4609,0.868],[36.4581,0.8694],[36.4445,0.8714],[36.4315,0.8821],[36.4265,0.8885],[36.4237,0.897],[36.4207,0.8989],[36.4043,0.899],[36.3954,0.9039],[36.3947,0.9113],[36.3989,0.9133],[36.4169,0.93],[36.4197,0.9328],[36.4311,0.946],[36.4317,0.9493],[36.4465,0.9812],[36.4509,0.9955],[36.4537,1.0159],[36.4473,1.0331],[36.4435,1.0392],[36.4453,1.0536],[36.4431,1.0605],[36.4441,1.0694],[36.4395,1.0876],[36.4417,1.1025],[36.4453,1.11],[36.4451,1.1144],[36.4405,1.1308],[36.4345,1.1371],[36.4371,1.1438],[36.4365,1.1512],[36.4417,1.1614],[36.4421,1.1739],[36.4387,1.1761],[36.4337,1.1766],[36.4215,1.1841],[36.3975,1.1711],[36.3939,1.1716],[36.3919,1.1742],[36.3907,1.186],[36.3971,1.1924],[36.3979,1.207],[36.3959,1.2176],[36.3993,1.2222],[36.4069,1.2278],[36.4123,1.2292],[36.4173,1.225],[36.4221,1.2341],[36.4215,1.2369],[36.4157,1.2438],[36.4141,1.2557],[36.4119,1.2576],[36.4061,1.25],[36.3977,1.2529],[36.3909,1.2602],[36.3897,1.264],[36.3921,1.2674],[36.3955,1.2676],[36.3991,1.274],[36.4031,1.2717],[36.4107,1.2756],[36.4177,1.2724],[36.4225,1.2668],[36.4323,1.2635],[36.4483,1.2499],[36.4527,1.2521],[36.4543,1.2558],[36.4515,1.2684],[36.4463,1.2745],[36.4377,1.2898],[36.4387,1.2966],[36.4371,1.3008],[36.4267,1.2975],[36.4217,1.2936],[36.4105,1.2977],[36.4067,1.2975],[36.4027,1.3055],[36.3981,1.3058],[36.3945,1.3102],[36.3951,1.3143],[36.3977,1.3157],[36.4049,1.3154],[36.4143,1.3284],[36.4219,1.3337],[36.4231,1.3431],[36.4265,1.347],[36.4339,1.3498],[36.4427,1.36],[36.4603,1.3688],[36.4631,1.3724],[36.4667,1.3829],[36.4671,1.3968],[36.4643,1.4003],[36.4601,1.3995],[36.4573,1.3962],[36.4547,1.3981],[36.4489,1.4095],[36.4425,1.4083],[36.4393,1.4095],[36.4297,1.4064],[36.4271,1.4133],[36.4195,1.4155],[36.4101,1.4258],[36.4027,1.4307],[36.3937,1.4427],[36.3879,1.4432],[36.3809,1.4394],[36.3763,1.4399],[36.3689,1.4364],[36.3575,1.435],[36.3543,1.4358],[36.3479,1.4394],[36.3449,1.4424],[36.3235,1.4687],[36.3201,1.47],[36.2921,1.4626],[36.2895,1.4656],[36.2999,1.4866],[36.3005,1.4897],[36.2979,1.4985],[36.3015,1.5129],[36.3033,1.5384],[36.3083,1.5444],[36.3171,1.55],[36.3269,1.5599],[36.3449,1.5729],[36.3457,1.5699],[36.3485,1.5685],[36.3573,1.5687],[36.3589,1.571],[36.3589,1.5817],[36.3607,1.5856],[36.3707,1.5937],[36.3757,1.5889],[36.3777,1.5824],[36.3771,1.5752],[36.3735,1.5687],[36.3767,1.5405],[36.3917,1.5229],[36.3955,1.5237],[36.3983,1.5254],[36.4143,1.5602],[36.4209,1.568],[36.4275,1.5723],[36.4341,1.5945],[36.4431,1.6141],[36.4467,1.6161],[36.4555,1.6127],[36.4633,1.6125],[36.4697,1.6344],[36.4713,1.6554],[36.4771,1.6634],[36.4821,1.6774],[36.4865,1.6816],[36.4881,1.6904],[36.4873,1.6982],[36.4889,1.7029],[36.5005,1.7052],[36.5029,1.7073],[36.5049,1.7103],[36.5041,1.7164],[36.5089,1.7225],[36.5095,1.7298],[36.5149,1.7383],[36.5171,1.7402],[36.5219,1.7388],[36.5223,1.7422],[36.5231,1.7464],[36.5283,1.7551],[36.5281,1.7593],[36.5259,1.7615],[36.5241,1.7576],[36.5207,1.7552],[36.5191,1.7607],[36.5131,1.7674],[36.5123,1.7706],[36.5141,1.7729],[36.5183,1.7712],[36.5189,1.7745],[36.5171,1.7781],[36.5221,1.7818],[36.5257,1.787],[36.5243,1.7905],[36.5345,1.8049],[36.5239,1.8108],[36.5161,1.8215],[36.5151,1.8273],[36.5169,1.8296],[36.5235,1.8288],[36.5245,1.8317],[36.5225,1.8345],[36.5255,1.8462],[36.5231,1.8492],[36.5189,1.8472],[36.5169,1.8511],[36.5157,1.8721],[36.5169,1.8777],[36.5251,1.8849],[36.5331,1.897],[36.5389,1.9017],[36.5381,1.9053],[36.5427,1.922],[36.5409,1.9313],[36.5407,1.9352],[36.5409,1.9521],[36.5421,1.9548],[36.5409,1.9574],[36.5387,1.9538],[36.5343,1.9518],[36.5327,1.9548],[36.5365,1.9662],[36.5419,1.9762],[36.5471,1.993],[36.5463,1.9969],[36.5411,2.0022],[36.5421,2.0051],[36.5449,2.0057],[36.5477,2.0029],[36.5479,2.0157],[36.5455,2.0218],[36.5483,2.0234],[36.5467,2.0275],[36.5525,2.0323],[36.5589,2.048],[36.5697,2.0552],[36.5667,2.0787],[36.5683,2.0901],[36.5655,2.0989],[36.5659,2.1028],[36.5813,2.1194],[36.5843,2.126],[36.5845,2.1349],[36.5875,2.1418],[36.5895,2.144],[36.5963,2.1446],[36.6011,2.1518],[36.6095,2.1584],[36.6131,2.1603],[36.6137,2.1556],[36.6211,2.159],[36.6371,2.1619],[36.6493,2.1667],[36.6595,2.1725],[36.6715,2.1844],[36.6821,2.1908],[36.6921,2.1949],[36.7021,2.1966],[36.7037,2.2007],[36.7019,2.2067],[36.7017,2.2162],[36.7125,2.2228],[36.7131,2.2281],[36.7107,2.2366],[36.7139,2.2416],[36.7149,2.2446],[36.7151,2.2491],[36.7145,2.2521],[36.7125,2.2552],[36.7087,2.2582],[36.7091,2.2616],[36.7165,2.2657],[36.7239,2.2729],[36.7229,2.2842],[36.7253,2.2997],[36.6019,2.3584],[36.6027,2.4031],[36.6063,2.3951],[36.6089,2.3932],[36.6169,2.3948],[36.6195,2.3962],[36.6219,2.4004],[36.6221,2.4095],[36.6247,2.4122],[36.6277,2.4117],[36.6315,2.4098],[36.6353,2.4031],[36.6393,2.4042],[36.6411,2.3945],[36.6443,2.402],[36.6443,2.4092],[36.6459,2.4134],[36.6493,2.4119],[36.6517,2.4156],[36.6563,2.4167],[36.6739,2.4443],[36.6761,2.4463],[36.6873,2.4559],[36.6993,2.4518],[36.7003,2.4546],[36.6985,2.4628],[36.7039,2.4736],[36.7041,2.4778],[36.7013,2.5101],[36.7061,2.5101],[36.7089,2.5071],[36.7161,2.5058],[36.7411,2.5118],[36.759,2.5127]]]}},{"type":"Feature","properties":{"name":"Uasin Gishu","countyCode":27},"geometry":{"type":"Polygon","coordinates":[[[35.4211,0.9373],[35.4155,0.9147],[35.4167,0.9075],[35.4687,0.8992],[35.4661,0.897],[35.4637,0.8887],[35.4587,0.881],[35.4583,0.8771],[35.4637,0.8757],[35.4845,0.8757],[35.4887,0.8743],[35.4889,0.8666],[35.4923,0.8599],[35.4929,0.8528],[35.4893,0.8376],[35.4829,0.8223],[35.4951,0.8208],[35.4987,0.8179],[35.5005,0.8135],[35.5023,0.7784],[35.5035,0.7737],[35.5069,0.7704],[35.5075,0.7665],[35.5069,0.7637],[35.5017,0.7582],[35.4983,0.7482],[35.4955,0.7508],[35.4923,0.7479],[35.4979,0.7449],[35.4941,0.7264],[35.4991,0.714],[35.5055,0.709],[35.5045,0.7015],[35.4527,0.7026],[35.4359,0.7026],[35.4181,0.7023],[35.4121,0.7009],[35.4135,0.6958],[35.4165,0.6901],[35.4321,0.664],[35.4579,0.6274],[35.4817,0.5876],[35.4757,0.5524],[35.4631,0.5044],[35.4627,0.4722],[35.4635,0.4537],[35.4679,0.4524],[35.4723,0.4482],[35.4769,0.4241],[35.4813,0.418],[35.4819,0.4032],[35.4875,0.4023],[35.4817,0.3931],[35.4807,0.3871],[35.4857,0.3838],[35.4873,0.3799],[35.4815,0.3793],[35.4787,0.3818],[35.4747,0.3785],[35.4709,0.3749],[35.4699,0.3677],[35.4823,0.3562],[35.4837,0.3498],[35.4875,0.3492],[35.4971,0.3414],[35.5039,0.3331],[35.5065,0.3266],[35.5089,0.3238],[35.5127,0.3232],[35.5141,0.3201],[35.5105,0.3141],[35.4963,0.3121],[35.5049,0.2925],[35.5007,0.2897],[35.4999,0.2765],[35.4917,0.2618],[35.4943,0.2552],[35.4871,0.2471],[35.4969,0.23],[35.5045,0.2239],[35.5145,0.2269],[35.5283,0.2283],[35.5365,0.2262],[35.5403,0.2234],[35.5313,0.2184],[35.5207,0.2015],[35.5203,0.1957],[35.5133,0.1872],[35.5349,0.1868],[35.5557,0.1885],[35.5685,0.1966],[35.5693,0.1846],[35.5767,0.181],[35.5887,0.168],[35.5913,0.1467],[35.5761,0.1133],[35.5741,0.0643],[35.5425,0.0873],[35.5407,0.0782],[35.5453,0.0693],[35.5399,0.0599],[35.5471,0.0552],[35.5437,0.0405],[35.5365,0.0378],[35.5265,0.0367],[35.5221,0.0135],[35.5169,0.0123],[35.5151,0.0076],[35.5095,0.0066],[35.4989,0.0093],[35.4953,0.0124],[35.4899,0.013],[35.4797,0.0132],[35.4643,0.0096],[35.4585,0.0109],[35.4715,0.0181],[35.4659,0.0254],[35.4269,0.0248],[35.4043,0.0268],[35.3899,0.0347],[35.3697,0.0408],[35.3509,0.0566],[35.3487,0.0608],[35.3519,0.0632],[35.3591,0.063],[35.3627,0.0693],[35.3661,0.071],[35.3705,0.0702],[35.3737,0.0726],[35.3825,0.0947],[35.3875,0.1128],[35.3757,0.1161],[35.3691,0.126],[35.3585,0.1286],[35.3359,0.1407],[35.3367,0.1567],[35.3429,0.17],[35.3417,0.1924],[35.3535,0.1893],[35.3605,0.1885],[35.3663,0.1852],[35.3665,0.198],[35.3579,0.2112],[35.3415,0.206],[35.3331,0.2182],[35.3259,0.2253],[35.3225,0.2258],[35.3123,0.2175],[35.3067,0.2218],[35.2991,0.2242],[35.2967,0.2258],[35.2891,0.233],[35.2673,0.2652],[35.2613,0.2759],[35.2585,0.2778],[35.2385,0.3066],[35.2269,0.3243],[35.1967,0.3755],[35.1949,0.3788],[35.1773,0.4189],[35.1735,0.4211],[35.1715,0.4233],[35.1513,0.4538],[35.1429,0.4704],[35.1521,0.483],[35.1587,0.4993],[35.1587,0.5027],[35.1615,0.5032],[35.1625,0.5206],[35.1661,0.5389],[35.1681,0.5447],[35.1545,0.5369],[35.1463,0.5375],[35.1431,0.5356],[35.1393,0.5359],[35.1343,0.5411],[35.1275,0.5436],[35.1177,0.5444],[35.1119,0.5472],[35.1045,0.555],[35.1001,0.5383],[35.0469,0.5605],[34.8681,0.5464],[34.8545,0.5472],[34.8977,0.5981],[34.8913,0.6056],[34.8983,0.6042],[34.9081,0.5945],[34.9199,0.5898],[34.9355,0.6019],[34.9451,0.6067],[34.9537,0.6069],[34.9587,0.6091],[34.9635,0.6078],[34.9671,0.6097],[34.9717,0.6136],[34.9773,0.6222],[34.9841,0.6263],[34.9935,0.6286],[34.9969,0.631],[35.0003,0.6365],[35.0263,0.612],[35.0315,0.6152],[35.0371,0.6271],[35.0409,0.6315],[35.0407,0.6382],[35.0441,0.6365],[35.0533,0.6344],[35.0555,0.6304],[35.0583,0.6293],[35.0639,0.6318],[35.0699,0.6291],[35.0731,0.6279],[35.0873,0.6288],[35.0969,0.6357],[35.1035,0.6446],[35.1067,0.6446],[35.1145,0.6401],[35.1173,0.6416],[35.1189,0.6476],[35.1245,0.6523],[35.1331,0.6537],[35.1423,0.6595],[35.1491,0.6581],[35.1549,0.66],[35.1561,0.6636],[35.1527,0.6677],[35.1547,0.6719],[35.1559,0.6827],[35.1551,0.7394],[35.1469,0.7388],[35.1449,0.7469],[35.1441,0.8266],[35.1323,0.8288],[35.1269,0.8266],[35.1259,0.8235],[35.1167,0.8506],[35.1133,0.8802],[35.1157,0.8823],[35.1165,0.8871],[35.1143,0.892],[35.1175,0.899],[35.1183,0.9064],[35.1281,0.9134],[35.1285,0.917],[35.1311,0.9191],[35.1413,0.9194],[35.1475,0.9172],[35.1569,0.9178],[35.1673,0.9216],[35.1731,0.9192],[35.1859,0.9236],[35.1937,0.9247],[35.2019,0.9216],[35.2243,0.9192],[35.2325,0.9241],[35.2361,0.9291],[35.2539,0.9393],[35.2639,0.9344],[35.2711,0.9341],[35.2739,0.9274],[35.2783,0.922],[35.2913,0.9155],[35.2971,0.9017],[35.3067,0.889],[35.3289,0.9294],[35.3313,0.9314],[35.3347,0.9278],[35.3495,0.9198],[35.3605,0.9435],[35.3777,0.9363],[35.3829,0.9393],[35.3857,0.9432],[35.3887,0.9437],[35.4211,0.9374],[35.4211,0.9373]]]}},{"type":"Feature","properties":{"name":"Elgeyo-Marakwet","countyCode":28},"geometry":{"type":"Polygon","coordinates":[[[35.6986,1.2783],[35.6983,1.2767],[35.7011,1.2754],[35.7037,1.2696],[35.7071,1.2706],[35.7079,1.2668],[35.7003,1.2557],[35.7033,1.2399],[35.7009,1.2375],[35.7013,1.2339],[35.7045,1.2262],[35.6981,1.214],[35.6979,1.2024],[35.6993,1.1996],[35.7029,1.1979],[35.7047,1.1904],[35.7053,1.1542],[35.7059,1.1496],[35.7097,1.1481],[35.7073,1.1446],[35.7061,1.1316],[35.7021,1.1255],[35.7025,1.121],[35.6983,1.1114],[35.6979,1.1077],[35.6997,1.1047],[35.6981,1.1019],[35.6945,1.1019],[35.6927,1.0997],[35.6909,1.097],[35.6875,1.0964],[35.6839,1.0868],[35.6799,1.086],[35.6779,1.0776],[35.6725,1.0713],[35.6755,1.0599],[35.6695,1.0461],[35.6719,1.0434],[35.6685,1.0414],[35.6675,1.0378],[35.6647,1.034],[35.6607,1.0334],[35.6551,1.027],[35.6471,1.027],[35.6429,1.0196],[35.6435,1.0116],[35.6347,0.993],[35.6347,0.99],[35.6395,0.9814],[35.6393,0.9783],[35.6363,0.9762],[35.6383,0.9653],[35.6353,0.9634],[35.6373,0.961],[35.6357,0.9567],[35.6305,0.9512],[35.6367,0.9197],[35.6329,0.9086],[35.6271,0.9064],[35.6281,0.896],[35.6237,0.8826],[35.6261,0.8791],[35.6269,0.8746],[35.6241,0.8656],[35.6269,0.8525],[35.6361,0.8464],[35.6363,0.8431],[35.6423,0.839],[35.6397,0.8279],[35.6381,0.8248],[35.6417,0.8223],[35.6431,0.8188],[35.6429,0.8158],[35.6365,0.8085],[35.6345,0.8036],[35.6375,0.7867],[35.6351,0.7842],[35.6351,0.7765],[35.6295,0.7637],[35.6265,0.7463],[35.6213,0.7349],[35.6241,0.7322],[35.6247,0.7278],[35.6275,0.7264],[35.6317,0.7176],[35.6305,0.7148],[35.6333,0.712],[35.6345,0.698],[35.6319,0.6937],[35.6325,0.6902],[35.6253,0.685],[35.6253,0.6778],[35.6165,0.6758],[35.6101,0.6711],[35.6065,0.6705],[35.6047,0.668],[35.6091,0.6443],[35.6071,0.6374],[35.6033,0.6344],[35.6013,0.631],[35.5971,0.6213],[35.5993,0.6014],[35.6127,0.5901],[35.6121,0.5859],[35.6141,0.5779],[35.6111,0.5685],[35.6065,0.5616],[35.6035,0.555],[35.6029,0.5513],[35.6057,0.5425],[35.6031,0.5353],[35.6037,0.5312],[35.6115,0.524],[35.6143,0.5174],[35.6143,0.5104],[35.6167,0.5065],[35.6301,0.5005],[35.6357,0.4769],[35.6391,0.4745],[35.6479,0.4603],[35.6473,0.4537],[35.6453,0.4507],[35.6517,0.4476],[35.6533,0.4452],[35.6553,0.4244],[35.6615,0.4104],[35.6563,0.4056],[35.6563,0.3965],[35.6621,0.3871],[35.6677,0.3846],[35.6687,0.3802],[35.6799,0.3729],[35.6817,0.3702],[35.6845,0.371],[35.6883,0.3696],[35.6977,0.3638],[35.6985,0.3671],[35.7019,0.3636],[35.7059,0.3627],[35.7107,0.3569],[35.7209,0.3534],[35.7225,0.3492],[35.7201,0.3426],[35.7231,0.3382],[35.7183,0.3284],[35.7177,0.3208],[35.7137,0.3157],[35.7153,0.2966],[35.7145,0.276],[35.7129,0.2729],[35.7133,0.2696],[35.7111,0.2666],[35.7101,0.2557],[35.7149,0.2486],[35.7209,0.2344],[35.7231,0.2153],[35.7215,0.2106],[35.7171,0.2051],[35.7065,0.2007],[35.7009,0.1924],[35.6935,0.186],[35.6935,0.1824],[35.6951,0.1788],[35.6937,0.1758],[35.6699,0.168],[35.6131,0.1692],[35.5887,0.168],[35.5761,0.1824],[35.5693,0.1846],[35.5685,0.1966],[35.5557,0.1885],[35.5133,0.1872],[35.5203,0.1957],[35.5213,0.2018],[35.5313,0.2184],[35.5403,0.2236],[35.5365,0.2262],[35.5265,0.2284],[35.5123,0.2264],[35.5067,0.2239],[35.5025,0.2253],[35.4969,0.23],[35.4871,0.2471],[35.4955,0.256],[35.4917,0.2618],[35.5003,0.2775],[35.5007,0.2897],[35.5049,0.2925],[35.4961,0.3114],[35.5103,0.3138],[35.5129,0.3179],[35.5133,0.3224],[35.5089,0.3238],[35.5065,0.3266],[35.5037,0.3334],[35.4973,0.3417],[35.4877,0.349],[35.4839,0.3497],[35.4823,0.3562],[35.4699,0.3677],[35.4709,0.3749],[35.4747,0.3785],[35.4871,0.3799],[35.4857,0.3838],[35.4807,0.3871],[35.4817,0.3931],[35.4875,0.4023],[35.4819,0.4032],[35.4813,0.4183],[35.4769,0.4241],[35.4725,0.4485],[35.4685,0.4523],[35.4635,0.4537],[35.4627,0.4722],[35.4641,0.5049],[35.4757,0.5524],[35.4817,0.5876],[35.4587,0.6271],[35.4243,0.6771],[35.4165,0.6901],[35.4135,0.6958],[35.4121,0.7009],[35.4181,0.7023],[35.4527,0.7026],[35.5035,0.7004],[35.5059,0.7023],[35.5057,0.7104],[35.4991,0.714],[35.4941,0.7264],[35.4979,0.7449],[35.4923,0.7479],[35.4955,0.7508],[35.4983,0.7482],[35.5017,0.7587],[35.5083,0.7654],[35.5055,0.772],[35.5025,0.7745],[35.5023,0.7784],[35.5005,0.8135],[35.4987,0.8179],[35.4951,0.8208],[35.4837,0.823],[35.4901,0.8403],[35.4927,0.8531],[35.4925,0.8599],[35.4889,0.8678],[35.4885,0.8749],[35.4845,0.8757],[35.4637,0.8757],[35.4581,0.8768],[35.4587,0.881],[35.4637,0.8887],[35.4693,0.901],[35.4621,0.9004],[35.4167,0.9075],[35.4155,0.9147],[35.4211,0.9374],[35.3887,0.9435],[35.3857,0.9432],[35.3829,0.9393],[35.3777,0.9363],[35.3595,0.9437],[35.3445,0.9466],[35.3411,0.962],[35.3467,0.9654],[35.3381,0.9675],[35.3399,0.9712],[35.3529,0.9792],[35.3445,0.9994],[35.3441,1.0036],[35.3629,1.0087],[35.3629,1.017],[35.3587,1.0203],[35.3135,1.0356],[35.2741,1.06],[35.2427,1.0729],[35.2355,1.0829],[35.2351,1.0859],[35.2183,1.1144],[35.2021,1.1171],[35.1781,1.155],[35.1613,1.178],[35.1523,1.1982],[35.2879,1.134],[35.2913,1.1344],[35.2943,1.1371],[35.2961,1.1443],[35.3029,1.1559],[35.3037,1.1633],[35.3081,1.1719],[35.3159,1.1694],[35.3185,1.1675],[35.3431,1.1257],[35.3581,1.1315],[35.4531,1.2093],[35.5009,1.2507],[35.5465,1.2847],[35.5581,1.2842],[35.5613,1.2875],[35.5691,1.29],[35.5793,1.2892],[35.5911,1.2803],[35.6041,1.2776],[35.6093,1.2781],[35.6133,1.28],[35.6177,1.2876],[35.6245,1.2927],[35.6277,1.2934],[35.6325,1.2989],[35.6721,1.3135],[35.6881,1.3165],[35.6919,1.3168],[35.6979,1.3163],[35.6983,1.3035],[35.6961,1.297],[35.6969,1.2892],[35.6957,1.2856],[35.6986,1.2783]]]}},{"type":"Feature","properties":{"name":"Nandi","countyCode":29},"geometry":{"type":"Polygon","coordinates":[[[35.0469,0.5605],[35.1001,0.5383],[35.1055,0.5542],[35.1119,0.5472],[35.1177,0.5444],[35.1281,0.5434],[35.1343,0.5411],[35.1389,0.5354],[35.1431,0.5356],[35.1463,0.5375],[35.1545,0.5369],[35.1651,0.5436],[35.1661,0.5389],[35.1625,0.5206],[35.1587,0.4993],[35.1521,0.483],[35.1431,0.4703],[35.1513,0.4538],[35.1677,0.4288],[35.1715,0.4233],[35.1735,0.4211],[35.1773,0.4189],[35.1967,0.3755],[35.2385,0.3066],[35.2435,0.2961],[35.2469,0.2947],[35.2673,0.2652],[35.2677,0.2615],[35.2705,0.2604],[35.2861,0.2361],[35.2891,0.233],[35.2917,0.2298],[35.2991,0.2242],[35.3067,0.2218],[35.3121,0.2173],[35.3225,0.2258],[35.3259,0.2253],[35.3307,0.2212],[35.3331,0.2182],[35.3415,0.206],[35.3579,0.2112],[35.3665,0.198],[35.3659,0.186],[35.3607,0.1885],[35.3535,0.1893],[35.3473,0.1929],[35.3417,0.1924],[35.3429,0.17],[35.3347,0.1553],[35.3365,0.1479],[35.3359,0.1407],[35.3585,0.1286],[35.3691,0.126],[35.3757,0.1161],[35.3875,0.1128],[35.3737,0.0726],[35.3705,0.0702],[35.3657,0.0713],[35.3603,0.0644],[35.3487,0.0608],[35.3509,0.0566],[35.3573,0.0491],[35.3611,0.048],[35.3697,0.0408],[35.3863,0.0345],[35.3899,0.0347],[35.4043,0.0268],[35.4269,0.0248],[35.4347,0.0248],[35.4389,0.0176],[35.4195,0.0076],[35.4143,0.0029],[35.4051,-0.0236],[35.4243,-0.0773],[35.4201,-0.0803],[35.4017,-0.0875],[35.3905,-0.0977],[35.3725,-0.1098],[35.3401,-0.108],[35.3283,-0.1019],[35.3083,-0.086],[35.2799,-0.099],[35.2271,-0.1062],[35.2271,-0.0661],[35.2217,-0.0374],[35.2063,-0.0291],[35.1939,-0.0261],[35.1879,-0.0289],[35.1811,-0.0274],[35.1747,-0.0283],[35.1669,-0.0319],[35.1619,-0.033],[35.1575,-0.0365],[35.1527,-0.0374],[35.1039,-0.0051],[35.1021,-0.0092],[35.1035,-0.0236],[35.0973,-0.0305],[35.0921,-0.0446],[35.0887,-0.0482],[35.0753,-0.0554],[35.0659,-0.0667],[35.0597,-0.0545],[35.0105,-0.0542],[35.0079,-0.0521],[35.0085,-0.0339],[35.0065,-0.0282],[34.9903,-0.0202],[34.9891,-0.0241],[34.9789,-0.0245],[34.9647,-0.0327],[34.9583,-0.0271],[34.9533,-0.0275],[34.9551,-0.0308],[34.9359,-0.0358],[34.9239,-0.0366],[34.9201,-0.0333],[34.9219,-0.0269],[34.9069,-0.0282],[34.8887,-0.0252],[34.8811,-0.0267],[34.8283,-0.0282],[34.8155,-0.0242],[34.8083,-0.0211],[34.8079,-0.0167],[34.8107,-0.0139],[34.8093,-0.0112],[34.8149,-0.0004],[34.8305,0.022],[34.8265,0.0226],[34.8229,0.022],[34.8109,0.0107],[34.8049,0.0087],[34.8021,0.0063],[34.7867,-0.0087],[34.7827,-0.0161],[34.7799,-0.0181],[34.7759,-0.0167],[34.7655,-0.0175],[34.7567,-0.0289],[34.7517,-0.0338],[34.7475,-0.0236],[34.7503,-0.0213],[34.7455,-0.0172],[34.7453,-0.0131],[34.7403,-0.0012],[34.7417,0.0032],[34.7479,0.0038],[34.7549,0.0082],[34.7583,0.008],[34.7607,0.0054],[34.7633,-0.0015],[34.7675,-0.0006],[34.7791,0.0054],[34.7811,0.009],[34.7843,0.0116],[34.7989,0.0224],[34.8049,0.0203],[34.8079,0.0209],[34.8103,0.0229],[34.8095,0.0265],[34.8195,0.0323],[34.8341,0.0284],[34.8369,0.0304],[34.8407,0.0453],[34.8479,0.0555],[34.8491,0.0663],[34.8601,0.0815],[34.8583,0.092],[34.8597,0.1028],[34.8579,0.1056],[34.8579,0.1099],[34.8613,0.1196],[34.8649,0.121],[34.8717,0.1296],[34.8831,0.1385],[34.8849,0.1423],[34.8887,0.1446],[34.9011,0.151],[34.9105,0.152],[34.9145,0.154],[34.9167,0.157],[34.9203,0.1672],[34.9173,0.1705],[34.9255,0.1937],[34.9297,0.2073],[34.9405,0.2068],[34.9451,0.2062],[34.9449,0.2095],[34.9553,0.2352],[34.9583,0.2392],[34.9793,0.2385],[34.9785,0.245],[34.9531,0.2978],[34.9423,0.3248],[34.9379,0.357],[34.9493,0.3519],[34.9555,0.3685],[34.9567,0.4148],[34.9517,0.4271],[34.9311,0.4651],[34.9245,0.4748],[34.9175,0.4833],[34.9101,0.4885],[34.9081,0.5051],[34.9045,0.5065],[34.8889,0.5196],[34.8755,0.5273],[34.8533,0.5456],[34.8681,0.5464],[35.0469,0.5605]]]}},{"type":"Feature","properties":{"name":"Baringo","countyCode":30},"geometry":{"type":"Polygon","coordinates":[[[36.0293,1.2737],[36.0981,1.1661],[36.1739,1.1689],[36.3173,0.9885],[36.3357,0.9913],[36.3429,0.9902],[36.3439,0.987],[36.3467,0.985],[36.3487,0.9718],[36.3535,0.9646],[36.3639,0.9615],[36.3697,0.9538],[36.3757,0.9548],[36.3837,0.9524],[36.3853,0.9488],[36.3887,0.9471],[36.3899,0.9391],[36.3883,0.9256],[36.3943,0.9169],[36.3947,0.9113],[36.3955,0.904],[36.4043,0.899],[36.4207,0.8989],[36.4237,0.897],[36.4265,0.8885],[36.4295,0.8844],[36.4445,0.8714],[36.4581,0.8694],[36.4609,0.868],[36.4659,0.8633],[36.4867,0.8498],[36.4895,0.8461],[36.4861,0.8431],[36.4761,0.8362],[36.4663,0.8146],[36.4059,0.717],[36.3481,0.6597],[36.2897,0.6443],[36.2789,0.6313],[36.2801,0.6241],[36.2945,0.563],[36.2293,0.4169],[36.2281,0.3962],[36.2551,0.3791],[36.2591,0.3749],[36.2615,0.3404],[36.2463,0.3273],[36.2483,0.3406],[36.2313,0.3326],[36.2267,0.3199],[36.2325,0.3158],[36.2407,0.313],[36.2513,0.2966],[36.2597,0.2897],[36.2657,0.2753],[36.2803,0.2717],[36.2825,0.2648],[36.2799,0.2549],[36.2927,0.251],[36.2965,0.2385],[36.2967,0.2272],[36.2911,0.2087],[36.2887,0.2052],[36.2671,0.1886],[36.2653,0.1846],[36.2565,0.1816],[36.2521,0.1852],[36.2363,0.209],[36.2029,0.2336],[36.1849,0.2292],[36.1809,0.2272],[36.1823,0.2242],[36.1969,0.2176],[36.1987,0.2153],[36.2001,0.1998],[36.1955,0.1974],[36.1489,0.1843],[36.1415,0.1299],[36.1365,0.1135],[36.1335,0.0964],[36.1315,0.0856],[36.1287,0.058],[36.1069,0.06],[36.1143,0.0044],[36.0943,-0.0123],[36.0567,0.0018],[36.0435,0.0184],[36.0083,0.0298],[36.0049,0.045],[36.0017,0.0555],[35.9995,0.0591],[35.9747,0.0566],[35.9657,0.0578],[35.9645,0.0616],[35.9663,0.0688],[35.9655,0.0759],[35.9617,0.0862],[35.9559,0.0911],[35.9505,0.0912],[35.9415,0.095],[35.9307,0.0677],[35.9601,0.0356],[35.9657,0.0297],[35.9749,0.0218],[35.9785,0.016],[35.9789,0.0118],[35.9705,-0.0159],[35.9613,-0.0269],[35.9605,-0.033],[35.9563,-0.0371],[35.9495,-0.0529],[35.9391,-0.0596],[35.9357,-0.0676],[35.9293,-0.0711],[35.9293,-0.0764],[35.9263,-0.0784],[35.9191,-0.082],[35.9153,-0.0778],[35.9011,-0.049],[35.8949,-0.0521],[35.8775,-0.0358],[35.8477,-0.0836],[35.8301,-0.1084],[35.8209,-0.1181],[35.8081,-0.0996],[35.8047,-0.0997],[35.7995,-0.1044],[35.7965,-0.1115],[35.7911,-0.1126],[35.7911,-0.1635],[35.7727,-0.1947],[35.7615,-0.1954],[35.7249,-0.2053],[35.7235,-0.1738],[35.7305,-0.1577],[35.7049,-0.1193],[35.6941,-0.1094],[35.6893,-0.0933],[35.6911,-0.0852],[35.6897,-0.0748],[35.6667,-0.075],[35.6541,-0.0784],[35.6677,-0.0502],[35.6603,-0.0548],[35.6585,-0.052],[35.6487,-0.059],[35.6419,-0.0609],[35.6375,-0.0546],[35.6401,-0.0504],[35.6385,-0.0457],[35.6339,-0.0363],[35.6315,-0.0344],[35.6113,-0.0321],[35.5853,-0.0084],[35.5445,-0.0084],[35.5237,0.0137],[35.5265,0.0367],[35.5365,0.0378],[35.5437,0.0405],[35.5471,0.0552],[35.5399,0.0599],[35.5461,0.0696],[35.5407,0.0782],[35.5417,0.0862],[35.5453,0.0853],[35.5743,0.0636],[35.5761,0.113],[35.5913,0.1467],[35.5887,0.168],[35.6205,0.1683],[35.6229,0.1667],[35.6295,0.1683],[35.6699,0.168],[35.6937,0.1758],[35.6959,0.1778],[35.6935,0.1824],[35.6939,0.1864],[35.7009,0.1924],[35.7065,0.2007],[35.7171,0.2051],[35.7189,0.2088],[35.7223,0.2106],[35.7231,0.2151],[35.7209,0.2342],[35.7101,0.259],[35.7111,0.2666],[35.7133,0.2696],[35.7129,0.2729],[35.7145,0.276],[35.7153,0.2867],[35.7153,0.2966],[35.7137,0.3154],[35.7179,0.3213],[35.7183,0.3284],[35.7231,0.3382],[35.7201,0.3426],[35.7225,0.3492],[35.7217,0.3528],[35.7151,0.3564],[35.7121,0.3558],[35.7059,0.3627],[35.7019,0.3636],[35.6989,0.3671],[35.6977,0.3638],[35.6855,0.3708],[35.6815,0.3702],[35.6795,0.3732],[35.6687,0.3802],[35.6675,0.384],[35.6637,0.3865],[35.6563,0.3965],[35.6567,0.401],[35.6611,0.4089],[35.6547,0.4269],[35.6557,0.4349],[35.6537,0.4444],[35.6471,0.4507],[35.6475,0.4598],[35.6343,0.4811],[35.6331,0.4847],[35.6341,0.4875],[35.6303,0.5005],[35.6257,0.5013],[35.6251,0.5041],[35.6211,0.5041],[35.6165,0.5065],[35.6143,0.5104],[35.6115,0.524],[35.6049,0.529],[35.6035,0.532],[35.6031,0.5354],[35.6055,0.5392],[35.6029,0.5514],[35.6065,0.5616],[35.6107,0.5671],[35.6141,0.5779],[35.6129,0.5896],[35.5991,0.6012],[35.5969,0.62],[35.6013,0.631],[35.6071,0.6374],[35.6091,0.6443],[35.6053,0.6628],[35.6063,0.6705],[35.6101,0.6711],[35.6159,0.6755],[35.6255,0.6777],[35.6253,0.685],[35.6325,0.6902],[35.6315,0.693],[35.6349,0.6993],[35.6311,0.72],[35.6273,0.7269],[35.6241,0.7278],[35.6241,0.7325],[35.6213,0.7349],[35.6221,0.7391],[35.6265,0.7455],[35.6287,0.7618],[35.6343,0.7739],[35.6351,0.7839],[35.6375,0.7867],[35.6347,0.8033],[35.6357,0.8072],[35.6427,0.8158],[35.6431,0.8188],[35.6417,0.8223],[35.6381,0.8248],[35.6397,0.8279],[35.6393,0.8324],[35.6423,0.839],[35.6363,0.8431],[35.6361,0.8464],[35.6269,0.8525],[35.6241,0.8656],[35.6267,0.8746],[35.6261,0.8791],[35.6237,0.8826],[35.6281,0.896],[35.6271,0.9064],[35.6345,0.9111],[35.6369,0.9172],[35.6305,0.9512],[35.6357,0.9567],[35.6369,0.9623],[35.6391,0.9645],[35.6363,0.9718],[35.6363,0.9762],[35.6393,0.9783],[35.6395,0.9814],[35.6347,0.99],[35.6347,0.993],[35.6445,1.0143],[35.6431,1.0181],[35.6441,1.0224],[35.6483,1.0265],[35.6539,1.0273],[35.6607,1.0334],[35.6647,1.034],[35.6675,1.0378],[35.6675,1.0417],[35.6713,1.0405],[35.6719,1.0434],[35.6695,1.0461],[35.6755,1.0594],[35.6733,1.0685],[35.6739,1.0721],[35.6783,1.0788],[35.6777,1.0831],[35.6839,1.0868],[35.6871,1.0961],[35.6911,1.097],[35.6927,1.0997],[35.6991,1.1028],[35.6981,1.1099],[35.7025,1.1213],[35.7021,1.1257],[35.7061,1.1315],[35.7073,1.1446],[35.7097,1.1481],[35.7045,1.1504],[35.7061,1.1669],[35.7037,1.1871],[35.7049,1.1896],[35.7033,1.198],[35.6993,1.1993],[35.6979,1.2052],[35.6979,1.2126],[35.7045,1.2256],[35.7011,1.2355],[35.7029,1.2397],[35.7013,1.2543],[35.7073,1.2654],[35.7073,1.2701],[35.7037,1.2696],[35.7011,1.2754],[35.6961,1.2845],[35.6961,1.297],[35.6983,1.3038],[35.6979,1.3163],[35.6981,1.3224],[35.7007,1.3251],[35.6961,1.3334],[35.6967,1.3365],[35.6937,1.3376],[35.6897,1.3432],[35.6887,1.3461],[35.6907,1.3503],[35.6887,1.3564],[35.6949,1.3666],[35.6965,1.3746],[35.7017,1.3807],[35.7025,1.3849],[35.6999,1.3865],[35.7045,1.3995],[35.7111,1.401],[35.7077,1.4045],[35.7117,1.4114],[35.7085,1.4131],[35.7071,1.4162],[35.7083,1.4192],[35.7065,1.4258],[35.7091,1.4297],[35.7075,1.4364],[35.7111,1.4388],[35.7139,1.4457],[35.7197,1.4482],[35.7215,1.4546],[35.7239,1.4567],[35.7199,1.4695],[35.7247,1.4731],[35.7306,1.4821],[35.7308,1.4852],[35.7425,1.4972],[35.7435,1.5013],[35.7531,1.5041],[35.7523,1.5073],[35.7561,1.5137],[35.7615,1.5162],[35.7641,1.5297],[35.7697,1.532],[35.7689,1.5397],[35.7715,1.5477],[35.7745,1.5506],[35.7762,1.5677],[35.7807,1.5707],[35.7803,1.5752],[35.7833,1.578],[35.7801,1.5867],[35.7827,1.5904],[35.7815,1.594],[35.7825,1.5981],[35.7807,1.602],[35.7843,1.6039],[35.7863,1.6075],[35.7819,1.6142],[35.7811,1.6185],[35.7823,1.6222],[35.7889,1.6229],[35.7909,1.6252],[35.7889,1.6288],[35.7829,1.6316],[35.7781,1.6396],[35.7811,1.6467],[35.7803,1.651],[35.7819,1.6539],[35.7863,1.6545],[36.0003,1.3199],[36.0203,1.2878],[36.0201,1.2848],[36.0293,1.2737]]]}},{"type":"Feature","properties":{"name":"Laikipia","countyCode":31},"geometry":{"type":"Polygon","coordinates":[[[36.8305,0.8199],[36.8337,0.8129],[36.8349,0.8019],[36.8441,0.7942],[36.8423,0.7894],[36.8435,0.7861],[36.8623,0.7469],[36.8635,0.7397],[36.8661,0.7369],[36.8867,0.7339],[36.8937,0.7375],[36.9027,0.7386],[36.9087,0.7328],[36.9091,0.7291],[36.9121,0.7272],[36.9167,0.7272],[36.9215,0.7372],[36.9317,0.7416],[36.9317,0.733],[36.9285,0.7286],[36.9271,0.7236],[36.9267,0.7197],[36.9271,0.675],[36.9223,0.6597],[36.9145,0.6598],[36.9129,0.6501],[36.9117,0.6474],[36.9093,0.644],[36.9095,0.6318],[36.9065,0.6294],[36.8979,0.6285],[36.8949,0.6222],[36.8915,0.6208],[36.8879,0.6083],[36.8837,0.6097],[36.8795,0.6034],[36.8761,0.6031],[36.8681,0.5942],[36.8667,0.5906],[36.8687,0.5848],[36.8673,0.5748],[36.8651,0.571],[36.8683,0.5688],[37.1141,0.5392],[37.3687,0.5094],[37.3681,0.506],[37.3619,0.5016],[37.3599,0.4935],[37.3627,0.4858],[37.3605,0.483],[37.3607,0.4758],[37.3581,0.4682],[37.3567,0.4654],[37.3503,0.4588],[37.3495,0.4418],[37.3523,0.4321],[37.3547,0.4117],[37.3639,0.4068],[37.3701,0.3926],[37.3711,0.3821],[37.3795,0.3777],[37.3787,0.3677],[37.3791,0.3647],[37.3849,0.3564],[37.3923,0.3534],[37.3935,0.3334],[37.3925,0.3259],[37.3947,0.3166],[37.3931,0.3141],[37.3957,0.3],[37.3933,0.2964],[37.3947,0.2919],[37.3885,0.2847],[37.3881,0.2787],[37.3859,0.2746],[37.3813,0.2737],[37.3745,0.2704],[37.3731,0.2635],[37.3613,0.2536],[37.3617,0.25],[37.3657,0.2479],[37.3641,0.2391],[37.3579,0.235],[37.3585,0.2311],[37.3555,0.2242],[37.3555,0.2178],[37.3485,0.2054],[37.3487,0.194],[37.3383,0.1908],[37.3415,0.183],[37.3395,0.1808],[37.3337,0.1786],[37.3237,0.1808],[37.3147,0.1785],[37.3081,0.1744],[37.2917,0.1595],[37.2831,0.1495],[37.2815,0.1274],[37.2631,0.1097],[37.2529,0.0947],[37.2485,0.1048],[37.2457,0.1061],[37.2367,0.1026],[37.2345,0.0981],[37.2329,0.0793],[37.2307,0.0766],[37.2195,0.0708],[37.2147,0.0704],[37.2047,0.066],[37.2023,0.0641],[37.2019,0.0607],[37.1981,0.0602],[37.1921,0.0566],[37.1721,0.0536],[37.1683,0.0514],[37.1561,0.0491],[37.1523,0.0477],[37.1481,0.0422],[37.1429,0.0417],[37.1405,0.0392],[37.1285,0.0356],[37.1091,0.0359],[37.0959,0.0265],[37.0907,0.0204],[37.1015,0.0088],[37.1133,-0.0137],[37.1199,-0.0198],[37.1163,-0.0314],[37.1129,-0.0368],[37.0861,-0.0128],[37.0785,-0.0004],[37.0787,0.0104],[37.0739,0.008],[37.0687,-0.0023],[37.0617,-0.0007],[37.0545,-0.0075],[37.0517,-0.0151],[37.0271,-0.0459],[37.0263,-0.049],[36.9979,-0.065],[36.9897,-0.0667],[36.9865,-0.069],[36.9825,-0.069],[36.9789,-0.0714],[36.9791,-0.0792],[36.9835,-0.101],[36.9863,-0.1337],[36.9971,-0.1453],[37.0079,-0.1492],[37.0101,-0.1566],[37.0151,-0.1619],[37.0197,-0.1754],[37.0091,-0.2235],[37.0123,-0.2288],[37.0131,-0.2338],[37.0103,-0.242],[36.9999,-0.2518],[36.9913,-0.2559],[36.9989,-0.2714],[36.9881,-0.2955],[36.9587,-0.2824],[36.8795,-0.2581],[36.8739,-0.2531],[36.8721,-0.2482],[36.8573,-0.255],[36.8419,-0.2141],[36.8455,-0.2125],[36.8409,-0.1984],[36.8523,-0.1967],[36.8571,-0.1915],[36.8655,-0.1868],[36.8669,-0.1821],[36.8699,-0.1812],[36.8717,-0.1782],[36.8715,-0.174],[36.8673,-0.1688],[36.8655,-0.1655],[36.8639,-0.1586],[36.8597,-0.153],[36.8617,-0.1441],[36.8489,-0.1373],[36.8321,-0.1348],[36.8311,-0.1041],[36.7935,-0.1076],[36.7691,-0.1141],[36.7661,-0.1091],[36.7523,-0.1206],[36.7175,-0.1289],[36.7109,-0.1359],[36.7055,-0.1381],[36.6605,-0.1522],[36.6569,-0.1532],[36.6357,-0.1066],[36.5931,-0.1024],[36.5733,-0.1037],[36.5665,-0.0968],[36.5625,-0.0889],[36.5557,-0.0903],[36.5613,-0.0762],[36.5519,-0.0695],[36.5569,-0.0549],[36.5605,-0.0509],[36.5627,-0.043],[36.5773,-0.0327],[36.5829,-0.0222],[36.5865,-0.0203],[36.6511,-0.0161],[36.6377,0.0145],[36.6053,0.003],[36.5943,0.0234],[36.5921,0.0419],[36.5783,0.0699],[36.5241,0.048],[36.5121,0.0867],[36.4663,0.1374],[36.4465,0.0928],[36.4437,0.0948],[36.4439,0.0906],[36.4237,0.0829],[36.4039,0.0585],[36.4027,0.0555],[36.4259,0.0428],[36.4197,0.0389],[36.4059,0.0386],[36.4015,0.0345],[36.4023,0.0297],[36.3987,0.029],[36.3913,0.032],[36.3903,0.0284],[36.3875,0.0265],[36.3651,0.0193],[36.3529,0.0181],[36.3485,0.0304],[36.3441,0.0295],[36.3297,0.0251],[36.3295,0.0209],[36.3049,0.0151],[36.3021,0.0044],[36.2959,0.0022],[36.2925,0.0107],[36.2763,0.0008],[36.2731,-0.0021],[36.2679,-0.0205],[36.2579,-0.0198],[36.2661,0.0188],[36.2697,0.0195],[36.2631,0.0334],[36.2577,0.0524],[36.2571,0.056],[36.2617,0.0622],[36.2723,0.0884],[36.2897,0.1111],[36.2865,0.1255],[36.2787,0.1456],[36.2565,0.1816],[36.2651,0.1846],[36.2671,0.1886],[36.2887,0.2052],[36.2923,0.212],[36.2965,0.227],[36.2971,0.2349],[36.2965,0.2385],[36.2927,0.251],[36.2799,0.2549],[36.2825,0.2648],[36.2803,0.2717],[36.2659,0.2759],[36.2597,0.29],[36.2505,0.2975],[36.2407,0.313],[36.2267,0.3199],[36.2311,0.3324],[36.2483,0.3406],[36.2463,0.3273],[36.2615,0.3403],[36.2589,0.375],[36.2551,0.3791],[36.2281,0.3962],[36.2305,0.42],[36.2945,0.563],[36.2801,0.6241],[36.2795,0.6318],[36.2897,0.6443],[36.3481,0.6597],[36.4055,0.7167],[36.4663,0.8146],[36.4761,0.8362],[36.4861,0.8431],[36.4903,0.844],[36.4837,0.816],[36.4847,0.813],[36.4881,0.8124],[36.6683,0.8124],[36.6755,0.8127],[36.6765,0.8163],[36.6795,0.8158],[36.6823,0.8182],[36.6901,0.8201],[36.7031,0.8208],[36.7141,0.8174],[36.7359,0.8268],[36.7389,0.829],[36.7571,0.8572],[36.7799,0.8663],[36.7939,0.8691],[36.8179,0.8547],[36.8199,0.8514],[36.8201,0.8404],[36.8305,0.8199]]]}},{"type":"Feature","properties":{"name":"Nakuru","countyCode":32},"geometry":{"type":"Polygon","coordinates":[[[36.2599,0.0596],[36.2571,0.056],[36.2577,0.0524],[36.2631,0.0334],[36.2697,0.0195],[36.2661,0.0188],[36.2579,-0.0235],[36.2569,-0.0264],[36.2533,-0.0339],[36.2555,-0.0363],[36.2535,-0.0462],[36.2497,-0.051],[36.2473,-0.0603],[36.2513,-0.0601],[36.2521,-0.0844],[36.2473,-0.1182],[36.2283,-0.1149],[36.2291,-0.1069],[36.2213,-0.1057],[36.2201,-0.1134],[36.2015,-0.1365],[36.2121,-0.1886],[36.2135,-0.2041],[36.2195,-0.2119],[36.2247,-0.2113],[36.2291,-0.2171],[36.2383,-0.2307],[36.2447,-0.2479],[36.2455,-0.2556],[36.2193,-0.2673],[36.2137,-0.2713],[36.2145,-0.2941],[36.2243,-0.3403],[36.2261,-0.3474],[36.2305,-0.351],[36.2331,-0.3446],[36.2355,-0.3443],[36.2379,-0.3444],[36.2461,-0.3471],[36.2531,-0.3427],[36.2637,-0.3433],[36.2765,-0.3928],[36.2937,-0.3737],[36.3119,-0.3692],[36.3155,-0.3862],[36.3343,-0.3895],[36.3433,-0.3856],[36.3615,-0.3814],[36.3671,-0.3967],[36.3783,-0.4047],[36.3801,-0.408],[36.3807,-0.4213],[36.3823,-0.4254],[36.3861,-0.4273],[36.3897,-0.4464],[36.3875,-0.4616],[36.3891,-0.4647],[36.3917,-0.4666],[36.3941,-0.4735],[36.3951,-0.4818],[36.3985,-0.4904],[36.3981,-0.5009],[36.4035,-0.5084],[36.4025,-0.5144],[36.4059,-0.5231],[36.4021,-0.5291],[36.4015,-0.5338],[36.4043,-0.5396],[36.4037,-0.5471],[36.4071,-0.5529],[36.4043,-0.5604],[36.4039,-0.5722],[36.4065,-0.5745],[36.4223,-0.5736],[36.4453,-0.5697],[36.4521,-0.5661],[36.4565,-0.611],[36.4687,-0.627],[36.5073,-0.6223],[36.5119,-0.6156],[36.5147,-0.624],[36.5201,-0.6262],[36.5177,-0.6295],[36.5179,-0.6331],[36.5253,-0.6392],[36.5271,-0.6461],[36.5219,-0.6533],[36.5447,-0.697],[36.5215,-0.711],[36.5315,-0.7308],[36.5577,-0.8317],[36.5613,-0.8436],[36.5531,-0.8551],[36.5551,-0.8718],[36.5449,-0.9083],[36.5549,-0.921],[36.5549,-0.9266],[36.5675,-0.9285],[36.5733,-0.9321],[36.5623,-0.939],[36.5697,-0.9458],[36.5743,-0.9445],[36.5793,-0.9472],[36.5885,-0.9653],[36.5875,-0.9765],[36.5909,-0.9838],[36.5971,-0.9857],[36.5983,-0.9935],[36.5957,-1.012],[36.5891,-1.0388],[36.5887,-1.044],[36.5913,-1.0527],[36.5919,-1.0643],[36.5871,-1.0726],[36.5723,-1.0997],[36.5695,-1.1021],[36.5669,-1.1007],[36.5585,-1.1116],[36.5457,-1.1264],[36.5373,-1.155],[36.4939,-1.1215],[36.4525,-1.101],[36.3365,-1.0463],[36.2649,-0.9152],[36.2549,-0.9174],[36.2069,-0.9339],[36.1941,-0.9154],[36.1877,-0.9146],[36.1899,-0.9094],[36.1893,-0.9064],[36.1699,-0.8706],[36.1595,-0.8377],[36.1891,-0.804],[36.1915,-0.786],[36.1851,-0.778],[36.1899,-0.7716],[36.1921,-0.7656],[36.1833,-0.759],[36.1727,-0.7539],[36.1681,-0.7478],[36.1617,-0.7442],[36.1599,-0.7343],[36.1549,-0.7254],[36.1541,-0.7161],[36.1473,-0.7116],[36.1439,-0.7131],[36.1397,-0.7122],[36.1049,-0.6809],[36.1011,-0.676],[36.0977,-0.6397],[36.0593,-0.6594],[36.0299,-0.6785],[36.0137,-0.6649],[35.9973,-0.6746],[35.9507,-0.7106],[35.9453,-0.713],[35.9343,-0.7073],[35.9317,-0.7042],[35.9311,-0.6969],[35.9287,-0.6934],[35.8937,-0.6495],[35.8789,-0.6508],[35.8771,-0.6391],[35.9167,-0.6359],[35.9515,-0.6663],[35.9815,-0.6333],[35.9825,-0.6292],[35.9615,-0.5869],[35.9489,-0.5645],[35.9475,-0.5584],[35.9439,-0.5554],[35.9381,-0.5567],[35.9347,-0.5549],[35.9325,-0.5513],[35.9129,-0.5495],[35.9059,-0.5466],[35.8915,-0.5272],[35.8649,-0.5125],[35.8517,-0.5031],[35.8487,-0.5015],[35.8329,-0.4948],[35.8395,-0.4738],[35.8377,-0.4661],[35.8323,-0.468],[35.8277,-0.4733],[35.8159,-0.4752],[35.8167,-0.4661],[35.8135,-0.4589],[35.8031,-0.4567],[35.7989,-0.4575],[35.7955,-0.4685],[35.7959,-0.4733],[35.7787,-0.515],[35.7743,-0.5377],[35.7421,-0.5299],[35.7321,-0.5377],[35.7233,-0.5491],[35.7117,-0.5543],[35.7105,-0.5576],[35.7127,-0.5634],[35.7133,-0.5708],[35.7123,-0.5761],[35.7103,-0.5819],[35.7037,-0.5917],[35.6967,-0.5977],[35.6933,-0.603],[35.6865,-0.6231],[35.6859,-0.6397],[35.6825,-0.6456],[35.6819,-0.65],[35.6775,-0.6588],[35.6747,-0.6585],[35.6695,-0.6633],[35.6647,-0.6781],[35.6531,-0.6865],[35.6505,-0.6956],[35.6463,-0.7014],[35.6427,-0.7008],[35.6339,-0.6871],[35.6111,-0.6729],[35.6093,-0.6682],[35.6005,-0.6582],[35.5879,-0.5897],[35.5751,-0.5654],[35.5709,-0.5609],[35.5437,-0.5147],[35.5379,-0.505],[35.5127,-0.4644],[35.5105,-0.4564],[35.5071,-0.4553],[35.4905,-0.4254],[35.4845,-0.4182],[35.4791,-0.4091],[35.4723,-0.3981],[35.4325,-0.3328],[35.4145,-0.3034],[35.4503,-0.2904],[35.4713,-0.2786],[35.4883,-0.2758],[35.5063,-0.27],[35.5103,-0.2714],[35.5251,-0.2711],[35.5297,-0.2609],[35.5595,-0.2742],[35.5729,-0.2836],[35.5699,-0.3048],[35.5819,-0.3098],[35.5857,-0.2932],[35.5923,-0.2866],[35.5941,-0.2783],[35.6025,-0.2852],[35.6059,-0.2944],[35.6119,-0.2902],[35.6187,-0.2913],[35.6205,-0.2952],[35.6319,-0.289],[35.6321,-0.2774],[35.6415,-0.2725],[35.6461,-0.2724],[35.6507,-0.267],[35.6525,-0.2614],[35.6583,-0.2354],[35.6561,-0.2224],[35.6583,-0.2186],[35.6561,-0.2136],[35.6575,-0.2067],[35.6625,-0.2061],[35.6649,-0.1953],[35.6757,-0.1895],[35.6667,-0.1857],[35.6709,-0.1655],[35.6675,-0.1635],[35.6541,-0.1646],[35.6517,-0.156],[35.6437,-0.1513],[35.6321,-0.1533],[35.6241,-0.1522],[35.6117,-0.1591],[35.6047,-0.1521],[35.6017,-0.1453],[35.6019,-0.1378],[35.6009,-0.1342],[35.5983,-0.1312],[35.5985,-0.1273],[35.5995,-0.1229],[35.6043,-0.1235],[35.6119,-0.1196],[35.6131,-0.1115],[35.6239,-0.1037],[35.6221,-0.0977],[35.6147,-0.0921],[35.6175,-0.0889],[35.6169,-0.0841],[35.6267,-0.0787],[35.6307,-0.0717],[35.6381,-0.0634],[35.6407,-0.0615],[35.6487,-0.059],[35.6585,-0.052],[35.6603,-0.0548],[35.6677,-0.0502],[35.6541,-0.0784],[35.6667,-0.075],[35.6897,-0.0748],[35.6911,-0.0852],[35.6893,-0.0933],[35.6941,-0.1094],[35.7047,-0.1193],[35.7305,-0.1577],[35.7235,-0.1738],[35.7231,-0.2011],[35.7247,-0.2053],[35.7727,-0.1947],[35.7911,-0.1635],[35.7911,-0.1126],[35.7965,-0.1115],[35.7995,-0.1044],[35.8045,-0.0999],[35.8077,-0.0997],[35.8209,-0.1174],[35.8301,-0.1084],[35.8375,-0.098],[35.8779,-0.0361],[35.8951,-0.0523],[35.9007,-0.0493],[35.9153,-0.0778],[35.9191,-0.082],[35.9263,-0.0784],[35.9291,-0.0745],[35.9291,-0.0712],[35.9349,-0.0679],[35.9391,-0.0596],[35.9495,-0.0529],[35.9541,-0.0418],[35.9605,-0.033],[35.9613,-0.0269],[35.9707,-0.0156],[35.9789,0.0121],[35.9785,0.016],[35.9749,0.0218],[35.9657,0.0297],[35.9601,0.0356],[35.9311,0.0687],[35.9413,0.0947],[35.9505,0.0912],[35.9615,0.0862],[35.9651,0.0762],[35.9655,0.0586],[35.9747,0.0566],[35.9995,0.0591],[36.0017,0.0555],[36.0081,0.0304],[36.0435,0.0184],[36.0505,0.008],[36.0565,0.0021],[36.0943,-0.0131],[36.1143,0.0044],[36.1069,0.06],[36.1289,0.058],[36.1335,0.0964],[36.1415,0.1299],[36.1489,0.1843],[36.1955,0.1974],[36.1999,0.2015],[36.1987,0.2153],[36.1967,0.2176],[36.1823,0.2242],[36.1809,0.2272],[36.1849,0.2292],[36.2027,0.2336],[36.2363,0.209],[36.2521,0.1852],[36.2565,0.1816],[36.2781,0.1468],[36.2865,0.1255],[36.2897,0.1111],[36.2723,0.0884],[36.2599,0.0596]]]}},{"type":"Feature","properties":{"name":"Narok","countyCode":33},"geometry":{"type":"Polygon","coordinates":[[[35.3505,-0.9744],[35.3557,-0.9691],[35.3601,-0.9724],[35.3633,-0.9713],[35.3663,-0.9746],[35.3693,-0.9741],[35.3751,-0.9694],[35.3789,-0.9625],[35.3825,-0.9611],[35.3869,-0.9617],[35.3887,-0.9594],[35.3997,-0.9575],[35.4045,-0.9509],[35.4215,-0.9453],[35.4261,-0.9345],[35.4249,-0.9207],[35.4275,-0.9191],[35.4275,-0.9149],[35.4255,-0.9075],[35.4283,-0.9058],[35.4317,-0.8972],[35.4357,-0.8983],[35.4395,-0.8961],[35.4413,-0.8933],[35.4403,-0.8897],[35.4433,-0.8894],[35.4467,-0.8844],[35.4539,-0.8839],[35.4585,-0.8762],[35.4617,-0.8739],[35.4629,-0.8656],[35.4727,-0.8612],[35.4723,-0.858],[35.4787,-0.8527],[35.4797,-0.8497],[35.4785,-0.8461],[35.4829,-0.8385],[35.4981,-0.8253],[35.5091,-0.8244],[35.5151,-0.8186],[35.5181,-0.8184],[35.5209,-0.8159],[35.5217,-0.8115],[35.5317,-0.8057],[35.5421,-0.7962],[35.5487,-0.7875],[35.5455,-0.7855],[35.5349,-0.7783],[35.5091,-0.7744],[35.4797,-0.7631],[35.4267,-0.7211],[35.3985,-0.6456],[35.5879,-0.5897],[35.6005,-0.6582],[35.6111,-0.6729],[35.6295,-0.6842],[35.6427,-0.7008],[35.6463,-0.7014],[35.6505,-0.6956],[35.6531,-0.6865],[35.6647,-0.6782],[35.6695,-0.6633],[35.6743,-0.6586],[35.6775,-0.6588],[35.6819,-0.65],[35.6825,-0.6456],[35.6859,-0.6397],[35.6863,-0.6237],[35.6933,-0.603],[35.6967,-0.5977],[35.7037,-0.5917],[35.7103,-0.5819],[35.7123,-0.5761],[35.7133,-0.5708],[35.7117,-0.5543],[35.7233,-0.5491],[35.7361,-0.5336],[35.7399,-0.5314],[35.7743,-0.5377],[35.7787,-0.515],[35.7959,-0.4733],[35.7955,-0.4685],[35.7989,-0.4575],[35.8031,-0.4567],[35.8135,-0.4589],[35.8167,-0.4661],[35.8159,-0.4752],[35.8277,-0.4733],[35.8309,-0.4683],[35.8371,-0.4683],[35.8395,-0.4738],[35.8329,-0.4948],[35.8487,-0.5015],[35.8507,-0.5047],[35.8649,-0.5125],[35.8903,-0.5261],[35.9059,-0.5466],[35.9129,-0.5495],[35.9325,-0.5513],[35.9347,-0.5549],[35.9379,-0.5568],[35.9439,-0.5554],[35.9475,-0.5584],[35.9483,-0.564],[35.9525,-0.5692],[35.9615,-0.5869],[35.9785,-0.6215],[35.9787,-0.6248],[35.9825,-0.6292],[35.9815,-0.6333],[35.9515,-0.6663],[35.9165,-0.6359],[35.8765,-0.6372],[35.8789,-0.6508],[35.8863,-0.6502],[35.8897,-0.6517],[35.8937,-0.6495],[35.9311,-0.6969],[35.9317,-0.7042],[35.9343,-0.7073],[35.9453,-0.713],[35.9507,-0.7106],[35.9973,-0.6746],[36.0137,-0.6649],[36.0299,-0.6785],[36.0593,-0.6594],[36.0975,-0.6401],[36.1009,-0.6757],[36.1049,-0.6809],[36.1397,-0.7122],[36.1439,-0.7131],[36.1473,-0.7116],[36.1541,-0.7158],[36.1547,-0.7241],[36.1599,-0.7343],[36.1617,-0.7442],[36.1683,-0.7479],[36.1727,-0.7539],[36.1833,-0.759],[36.1921,-0.7656],[36.1899,-0.7716],[36.1851,-0.778],[36.1915,-0.786],[36.1891,-0.804],[36.1595,-0.8375],[36.1699,-0.8706],[36.1893,-0.9064],[36.1899,-0.9094],[36.1877,-0.9146],[36.1941,-0.9154],[36.2069,-0.9339],[36.2549,-0.9174],[36.2649,-0.9155],[36.2665,-0.9182],[36.3359,-1.0471],[36.3481,-1.1749],[36.2481,-1.2836],[36.0751,-1.4658],[36.0707,-1.4688],[36.0685,-1.4729],[36.0497,-1.4924],[36.0587,-1.4982],[36.0605,-1.5017],[36.0747,-1.5427],[36.0855,-1.5618],[36.0867,-1.5742],[36.0837,-1.5817],[36.0809,-1.5839],[36.0797,-1.5938],[36.0765,-1.5927],[36.0733,-1.5939],[36.0669,-1.6093],[36.0639,-1.6101],[36.0655,-1.6143],[36.0637,-1.6168],[36.0543,-1.6188],[36.0589,-1.6215],[36.0591,-1.6251],[36.0571,-1.6317],[36.0509,-1.6398],[36.0533,-1.6433],[36.0531,-1.6467],[36.0483,-1.6506],[36.0525,-1.6586],[36.0543,-1.6663],[36.0583,-1.671],[36.0587,-1.6751],[36.0559,-1.6782],[36.0583,-1.6818],[36.0581,-1.6857],[36.0633,-1.6904],[36.0655,-1.6976],[36.0589,-1.7031],[36.0571,-1.708],[36.0509,-1.7053],[36.0479,-1.7053],[36.0437,-1.7114],[36.0477,-1.7193],[36.0493,-1.7313],[36.0463,-1.7329],[36.0433,-1.7323],[36.0419,-1.7376],[36.0397,-1.741],[36.0369,-1.7421],[36.0359,-1.7495],[36.0333,-1.7547],[36.0357,-1.7615],[36.0321,-1.7628],[36.0315,-1.7677],[36.0213,-1.7772],[36.0281,-1.781],[36.0281,-1.786],[36.0259,-1.7912],[36.0235,-1.7935],[36.0255,-1.7968],[36.0153,-1.8049],[36.0171,-1.8079],[36.0239,-1.8074],[36.0271,-1.8096],[36.0291,-1.8148],[36.0299,-1.8245],[36.0377,-1.8217],[36.0397,-1.8242],[36.0401,-1.8276],[36.0433,-1.8314],[36.0421,-1.835],[36.0491,-1.8422],[36.0483,-1.85],[36.0503,-1.8588],[36.0489,-1.8659],[36.0509,-1.8703],[36.0501,-1.874],[36.0445,-1.8803],[36.0381,-1.8793],[36.0373,-1.887],[36.0343,-1.8903],[36.0305,-1.8886],[36.0277,-1.8906],[36.0323,-1.9028],[36.0435,-1.908],[36.0415,-1.9124],[36.0331,-1.9157],[36.0343,-1.9196],[36.0373,-1.9193],[36.0367,-1.9281],[36.0413,-1.9334],[36.0429,-1.9387],[36.0407,-1.9465],[36.0379,-1.9498],[36.0413,-1.9605],[36.0379,-1.973],[36.0401,-1.9777],[36.0337,-2.0031],[36.0367,-2.0067],[36.0285,-2.0172],[36.0279,-2.0247],[36.0249,-2.0249],[36.0223,-2.0327],[36.0231,-2.0413],[36.0269,-2.0432],[36.0273,-2.0845],[36.0015,-2.0842],[36.0009,-2.1052],[35.2663,-1.6912],[35.2473,-1.6821],[35.1807,-1.6445],[35.1779,-1.6416],[35.1623,-1.6342],[35.0175,-1.5502],[34.7315,-1.3894],[34.7115,-1.3087],[34.6963,-1.2526],[34.6887,-1.2175],[34.6859,-1.2128],[34.6805,-1.2139],[34.6735,-1.2114],[34.6713,-1.1998],[34.6619,-1.1909],[34.6551,-1.1879],[34.6543,-1.1793],[34.6521,-1.1766],[34.6419,-1.1665],[34.6339,-1.1635],[34.6263,-1.1547],[34.6335,-1.1353],[34.6311,-1.1317],[34.6303,-1.1254],[34.6229,-1.114],[34.6201,-1.0972],[34.6149,-1.0894],[34.6185,-1.0775],[34.6011,-1.0585],[34.5935,-1.0441],[34.5953,-1.0369],[34.5925,-1.0352],[34.5907,-1.0189],[34.6433,-0.9694],[34.6469,-0.9675],[34.6515,-0.9669],[34.6667,-0.9732],[34.6775,-0.9735],[34.6977,-0.9693],[34.7607,-0.9547],[34.8315,-0.9359],[34.8449,-0.9339],[34.8501,-0.9312],[35.0013,-0.8936],[35.0135,-0.8903],[35.0833,-0.9069],[35.1829,-0.9895],[35.2229,-1.0214],[35.2385,-1.0352],[35.2429,-1.0372],[35.2459,-1.0369],[35.2521,-1.0302],[35.2567,-1.03],[35.2621,-1.0227],[35.2663,-1.0222],[35.2703,-1.0239],[35.2721,-1.0214],[35.2803,-1.0175],[35.2823,-1.0141],[35.2947,-1.0095],[35.3001,-1.0043],[35.3045,-1.005],[35.3131,-1.0009],[35.3127,-0.9976],[35.3153,-0.996],[35.3157,-0.9924],[35.3325,-0.9846],[35.3313,-0.981],[35.3353,-0.978],[35.3397,-0.9794],[35.3399,-0.9763],[35.3437,-0.9743],[35.3473,-0.9732],[35.3505,-0.9744]],[[35.3505,-0.9744],[35.3483,-0.9766],[35.3511,-0.9788],[35.3505,-0.9744]],[[35.0179,-1.5169],[35.0215,-1.5148],[35.0173,-1.5142],[35.0179,-1.5169]]]}},{"type":"Feature","properties":{"name":"Kajiado","countyCode":34},"geometry":{"type":"Polygon","coordinates":[[[36.6697,-1.3261],[36.6755,-1.3303],[36.6797,-1.3289],[36.6865,-1.34],[36.6871,-1.3433],[36.6915,-1.3527],[36.6941,-1.3538],[36.7027,-1.3522],[36.7287,-1.3745],[36.7349,-1.3784],[36.7505,-1.3845],[36.7607,-1.3851],[36.7653,-1.3864],[36.7677,-1.3892],[36.7793,-1.3869],[36.7829,-1.3889],[36.7901,-1.388],[36.7931,-1.3858],[36.8031,-1.3886],[36.8091,-1.3881],[36.8161,-1.3823],[36.8199,-1.3815],[36.8217,-1.3842],[36.8299,-1.3876],[36.8443,-1.3876],[36.8497,-1.3961],[36.8597,-1.4],[36.8653,-1.4041],[36.8693,-1.4039],[36.8711,-1.4071],[36.8825,-1.4063],[36.8853,-1.4072],[36.8943,-1.4111],[36.8907,-1.4138],[36.8789,-1.478],[36.8861,-1.4868],[36.9179,-1.465],[36.9239,-1.4592],[36.9311,-1.4591],[36.9371,-1.4556],[36.9413,-1.4552],[36.9447,-1.4553],[36.9491,-1.457],[36.9481,-1.4617],[36.9775,-1.4788],[36.9717,-1.4918],[36.9747,-1.4987],[36.9743,-1.5018],[36.9633,-1.5145],[36.9635,-1.5291],[36.9623,-1.5321],[36.9589,-1.5332],[36.9573,-1.5383],[36.9579,-1.5448],[36.9637,-1.5529],[36.9679,-1.5562],[36.9737,-1.5574],[36.9761,-1.5546],[36.9787,-1.556],[36.9967,-1.5834],[36.9915,-1.5874],[37.0001,-1.5983],[37.0079,-1.5961],[37.0851,-1.7009],[37.1131,-1.7362],[37.1295,-1.7443],[37.1329,-1.7449],[37.1425,-1.7381],[37.1473,-1.7393],[37.1495,-1.7429],[37.1481,-1.7525],[37.1495,-1.7612],[37.1587,-1.7672],[37.1529,-1.7775],[37.1551,-1.7802],[37.1581,-1.7794],[37.1609,-1.781],[37.1521,-1.7976],[37.1533,-1.8015],[37.1427,-1.8139],[37.1463,-1.8208],[37.1445,-1.8237],[37.1447,-1.8306],[37.1487,-1.8328],[37.1427,-1.84],[37.1559,-1.8471],[37.1575,-1.8527],[37.1631,-1.8599],[37.1641,-1.8734],[37.1611,-1.8776],[37.1611,-1.8845],[37.1595,-1.887],[37.1549,-1.8872],[37.1589,-1.8936],[37.1595,-1.8992],[37.1707,-1.9146],[37.1709,-1.9179],[37.1837,-1.9259],[37.1833,-1.9307],[37.1865,-1.934],[37.1913,-1.9367],[37.2001,-1.9343],[37.2055,-1.9356],[37.2137,-1.9343],[37.2241,-1.9346],[37.2361,-1.9375],[37.2425,-1.9423],[37.2499,-1.9526],[37.2535,-1.9544],[37.2573,-1.9597],[37.2657,-1.9608],[37.2705,-1.9707],[37.2765,-1.978],[37.2799,-1.9932],[37.2813,-1.9965],[37.2977,-2.0045],[37.3005,-2.0056],[37.3041,-2.004],[37.3095,-2.0051],[37.3137,-2.0087],[37.3595,-2.0137],[37.3627,-2.015],[37.3649,-2.0173],[37.3653,-2.0242],[37.3823,-2.025],[37.4519,-2.0748],[37.4647,-2.0813],[37.4631,-2.0878],[37.4765,-2.0933],[37.4793,-2.0863],[37.5325,-2.1076],[37.5439,-2.117],[37.5455,-2.1273],[37.5523,-2.1295],[37.5637,-2.1287],[37.5749,-2.1409],[37.5955,-2.1561],[37.6215,-2.1633],[37.6655,-2.1578],[37.6903,-2.1663],[37.6981,-2.1666],[37.7019,-2.1685],[37.7049,-2.1727],[37.7079,-2.1835],[37.7247,-2.1922],[37.7169,-2.1926],[37.7063,-2.1975],[37.6841,-2.2263],[37.6761,-2.231],[37.6769,-2.2418],[37.6787,-2.2462],[37.6789,-2.2558],[37.6773,-2.2622],[37.6787,-2.267],[37.6751,-2.2698],[37.6725,-2.2808],[37.6687,-2.2844],[37.6707,-2.2883],[37.6685,-2.2912],[37.6645,-2.2921],[37.6583,-2.2894],[37.6549,-2.2908],[37.6503,-2.2933],[37.6463,-2.3012],[37.6337,-2.2993],[37.6307,-2.3037],[37.6265,-2.304],[37.6235,-2.3062],[37.6187,-2.3002],[37.6135,-2.301],[37.6081,-2.3071],[37.6071,-2.3112],[37.6045,-2.3132],[37.6009,-2.3123],[37.5973,-2.3139],[37.8495,-2.6055],[37.8617,-2.6257],[37.8695,-2.645],[37.8769,-2.6585],[37.8927,-2.6765],[37.9015,-2.7026],[37.9067,-2.7056],[37.9219,-2.707],[37.9241,-2.7097],[37.9307,-2.7255],[37.9297,-2.7398],[37.9269,-2.7434],[37.9269,-2.7504],[37.9311,-2.7659],[37.9379,-2.7733],[37.9357,-2.786],[37.9185,-2.8709],[37.8951,-2.8881],[37.8715,-3.0797],[37.8661,-3.0817],[37.8573,-3.0817],[37.8547,-3.0894],[37.8545,-3.1705],[37.8533,-3.181],[37.8501,-3.1843],[37.8441,-3.1871],[37.8399,-3.1889],[37.8343,-3.1892],[37.8233,-3.1779],[37.8195,-3.1768],[37.8125,-3.1712],[37.8055,-3.1707],[37.7961,-3.1754],[37.7923,-3.1735],[37.6927,-3.1776],[37.6883,-3.1591],[37.6725,-3.0612],[37.5341,-2.9686],[37.4811,-2.9364],[37.3585,-2.8698],[36.7509,-2.5275],[36.7027,-2.5036],[36.5411,-2.4118],[36.5367,-2.4078],[36.5279,-2.4042],[36.1589,-2.1965],[36.0105,-2.1124],[36.0009,-2.1055],[36.0015,-2.0842],[36.0273,-2.0845],[36.0269,-2.0432],[36.0231,-2.0413],[36.0221,-2.0322],[36.0249,-2.0249],[36.0277,-2.0255],[36.0285,-2.0172],[36.0367,-2.0067],[36.0333,-2.0029],[36.0363,-2.0003],[36.0401,-1.9777],[36.0379,-1.973],[36.0413,-1.9605],[36.0379,-1.9498],[36.0407,-1.9465],[36.0429,-1.9387],[36.0413,-1.9334],[36.0367,-1.9285],[36.0373,-1.9193],[36.0343,-1.9196],[36.0329,-1.9157],[36.0415,-1.9124],[36.0435,-1.9078],[36.0323,-1.9028],[36.0277,-1.8906],[36.0303,-1.8886],[36.0347,-1.8906],[36.0373,-1.887],[36.0381,-1.8793],[36.0445,-1.8803],[36.0501,-1.874],[36.0509,-1.8704],[36.0489,-1.8659],[36.0503,-1.8588],[36.0483,-1.85],[36.0491,-1.8422],[36.0421,-1.835],[36.0433,-1.8314],[36.0399,-1.8276],[36.0397,-1.8242],[36.0377,-1.8217],[36.0299,-1.8245],[36.0291,-1.8148],[36.0271,-1.8096],[36.0239,-1.8074],[36.0173,-1.8065],[36.0183,-1.802],[36.0255,-1.7968],[36.0235,-1.7935],[36.0259,-1.7912],[36.0281,-1.786],[36.0291,-1.7818],[36.0213,-1.7772],[36.0315,-1.7677],[36.0321,-1.7628],[36.0363,-1.7614],[36.0333,-1.7547],[36.0359,-1.7498],[36.0369,-1.7421],[36.0397,-1.741],[36.0419,-1.7376],[36.0437,-1.7307],[36.0463,-1.7329],[36.0493,-1.7313],[36.0477,-1.7193],[36.0447,-1.7158],[36.0439,-1.711],[36.0479,-1.7053],[36.0509,-1.7053],[36.0565,-1.7088],[36.0591,-1.7023],[36.0655,-1.6976],[36.0633,-1.6904],[36.0581,-1.6857],[36.0583,-1.6818],[36.0559,-1.6782],[36.0587,-1.6752],[36.0583,-1.671],[36.0543,-1.6663],[36.0525,-1.6586],[36.0483,-1.6506],[36.0531,-1.6467],[36.0533,-1.6433],[36.0509,-1.6398],[36.0571,-1.6317],[36.0591,-1.6251],[36.0591,-1.6215],[36.0543,-1.6188],[36.0637,-1.6168],[36.0655,-1.6143],[36.0639,-1.6101],[36.0669,-1.6093],[36.0733,-1.5939],[36.0765,-1.5927],[36.0797,-1.5938],[36.0809,-1.5839],[36.0837,-1.5817],[36.0867,-1.5742],[36.0855,-1.562],[36.0747,-1.5427],[36.0605,-1.5017],[36.0587,-1.4982],[36.0497,-1.4924],[36.2293,-1.3045],[36.2481,-1.2836],[36.3481,-1.1754],[36.3363,-1.0477],[36.4525,-1.101],[36.4939,-1.1215],[36.5371,-1.1549],[36.5133,-1.242],[36.4923,-1.2695],[36.5003,-1.2722],[36.6097,-1.2943],[36.6609,-1.3035],[36.6663,-1.3142],[36.6641,-1.3197],[36.6735,-1.3244],[36.6697,-1.3261]]]}},{"type":"Feature","properties":{"name":"Makueni","countyCode":17},"geometry":{"type":"Polygon","coordinates":[[[37.4873,-1.518],[37.5051,-1.5294],[37.5093,-1.5294],[37.5149,-1.5278],[37.5183,-1.53],[37.5189,-1.5336],[37.5213,-1.5355],[37.5211,-1.5386],[37.5235,-1.5402],[37.5437,-1.5427],[37.5485,-1.5391],[37.5519,-1.5402],[37.5549,-1.5438],[37.5513,-1.5473],[37.5523,-1.5509],[37.5629,-1.5537],[37.5615,-1.5565],[37.5579,-1.5571],[37.5567,-1.5603],[37.5643,-1.5618],[37.5691,-1.5601],[37.5765,-1.5607],[37.5753,-1.5672],[37.5793,-1.5693],[37.5827,-1.564],[37.5983,-1.5543],[37.6007,-1.5618],[37.6035,-1.5639],[37.6077,-1.5643],[37.6099,-1.5681],[37.6149,-1.5667],[37.6193,-1.5692],[37.6223,-1.58],[37.6297,-1.5894],[37.6325,-1.5917],[37.6355,-1.5919],[37.6413,-1.5891],[37.6413,-1.5925],[37.6435,-1.5947],[37.6437,-1.611],[37.6451,-1.616],[37.6503,-1.6251],[37.6501,-1.6298],[37.6559,-1.6333],[37.6571,-1.6386],[37.6621,-1.6467],[37.6659,-1.6458],[37.6685,-1.6439],[37.6729,-1.6354],[37.6809,-1.6292],[37.6841,-1.6224],[37.6889,-1.619],[37.6877,-1.6113],[37.6905,-1.6024],[37.6855,-1.588],[37.6897,-1.5896],[37.7015,-1.5864],[37.7133,-1.6074],[37.7179,-1.6101],[37.7221,-1.6094],[37.7295,-1.6046],[37.7289,-1.5994],[37.7343,-1.5963],[37.7359,-1.5927],[37.7367,-1.5878],[37.7335,-1.5838],[37.7371,-1.5775],[37.7473,-1.5712],[37.7539,-1.5692],[37.7573,-1.5712],[37.7621,-1.5798],[37.7641,-1.582],[37.7733,-1.5869],[37.7777,-1.5985],[37.7833,-1.6066],[37.7853,-1.614],[37.7881,-1.6159],[37.7929,-1.6237],[37.7933,-1.6287],[37.7971,-1.6306],[37.8019,-1.6381],[37.8041,-1.6436],[37.8033,-1.65],[37.8065,-1.6514],[37.8055,-1.6547],[37.8101,-1.6582],[37.8111,-1.6611],[37.8217,-1.6677],[37.8231,-1.6721],[37.8207,-1.6788],[37.8219,-1.6832],[37.8309,-1.6849],[37.8323,-1.6893],[37.8379,-1.6929],[37.8385,-1.7014],[37.8359,-1.7111],[37.8453,-1.7139],[37.8463,-1.7263],[37.8513,-1.7326],[37.8561,-1.7559],[37.8531,-1.7681],[37.8503,-1.7709],[37.8469,-1.7692],[37.8431,-1.7695],[37.8403,-1.7744],[37.8409,-1.7789],[37.8387,-1.7819],[37.8419,-1.7847],[37.8491,-1.7999],[37.8795,-1.8317],[37.8909,-1.8381],[37.8937,-1.8424],[37.8883,-1.8463],[37.8857,-1.853],[37.8871,-1.8568],[37.8897,-1.8612],[37.8937,-1.861],[37.9003,-1.8635],[37.9017,-1.867],[37.8999,-1.8707],[37.9079,-1.8963],[37.9065,-1.9033],[37.9095,-1.9058],[37.9141,-1.9046],[37.9191,-1.9061],[37.9187,-1.9113],[37.9151,-1.9146],[37.9121,-1.9218],[37.9127,-1.9279],[37.9107,-1.9365],[37.9155,-1.9434],[37.9171,-1.9514],[37.9151,-1.9559],[37.9257,-1.9868],[37.9303,-1.994],[37.9303,-1.9987],[37.9381,-2.0048],[37.9355,-2.0104],[37.9417,-2.0137],[37.9399,-2.0198],[37.9445,-2.0255],[37.9409,-2.0361],[37.9461,-2.0394],[37.9511,-2.039],[37.9561,-2.0513],[37.9551,-2.059],[37.9597,-2.0678],[37.9609,-2.0772],[37.9587,-2.0963],[37.9599,-2.1021],[37.9575,-2.1104],[37.9545,-2.1348],[37.9643,-2.1486],[37.9659,-2.1679],[37.9697,-2.1694],[37.9777,-2.1649],[38.0135,-2.1528],[38.0197,-2.1494],[38.0225,-2.15],[38.0257,-2.1602],[38.0295,-2.1646],[38.0387,-2.1691],[38.0441,-2.1688],[38.0489,-2.171],[38.0511,-2.1752],[38.0491,-2.182],[38.0547,-2.1882],[38.0603,-2.208],[38.0623,-2.2114],[38.0705,-2.2166],[38.0649,-2.2213],[38.0649,-2.2247],[38.0689,-2.2265],[38.0701,-2.2294],[38.0727,-2.2512],[38.0767,-2.2584],[38.0767,-2.2636],[38.0843,-2.2645],[38.0875,-2.2733],[38.0897,-2.2755],[38.0989,-2.2763],[38.1021,-2.2839],[38.1121,-2.2899],[38.1101,-2.3021],[38.1157,-2.3051],[38.1171,-2.315],[38.1277,-2.3242],[38.1453,-2.3231],[38.1489,-2.3242],[38.1539,-2.3306],[38.1645,-2.3358],[38.1761,-2.3407],[38.1871,-2.3414],[38.1901,-2.3433],[38.1987,-2.3555],[38.2109,-2.3577],[38.2225,-2.3999],[38.2335,-2.4057],[38.2359,-2.4104],[38.2439,-2.4138],[38.2509,-2.4215],[38.2543,-2.4232],[38.2617,-2.4229],[38.2739,-2.4259],[38.2835,-2.455],[38.2899,-2.4865],[38.2979,-2.4906],[38.3009,-2.4985],[38.3041,-2.5012],[38.3113,-2.5036],[38.3137,-2.5067],[38.3129,-2.5131],[38.3173,-2.5177],[38.3181,-2.525],[38.3219,-2.5316],[38.3203,-2.5383],[38.3237,-2.5462],[38.3229,-2.5493],[38.3255,-2.5515],[38.3323,-2.5529],[38.3385,-2.5587],[38.3327,-2.564],[38.3389,-2.5842],[38.3407,-2.5886],[38.3455,-2.59],[38.3483,-2.5936],[38.3499,-2.601],[38.3617,-2.6301],[38.3629,-2.6392],[38.3679,-2.6441],[38.3675,-2.6516],[38.3817,-2.6641],[38.3831,-2.6676],[38.3823,-2.6707],[38.3907,-2.6948],[38.4021,-2.7227],[38.4099,-2.7371],[38.4141,-2.7518],[38.4215,-2.7628],[38.4283,-2.7821],[38.4323,-2.7888],[38.4327,-2.7921],[38.4235,-2.7993],[38.4225,-2.8076],[38.4191,-2.8137],[38.4203,-2.817],[38.4261,-2.8198],[38.4275,-2.8225],[38.4277,-2.8306],[38.4317,-2.8405],[38.4319,-2.8446],[38.4289,-2.8507],[38.4303,-2.8547],[38.4337,-2.8577],[38.4399,-2.8596],[38.4389,-2.8662],[38.4457,-2.8706],[38.4463,-2.874],[38.4439,-2.8792],[38.4449,-2.8818],[38.4523,-2.8815],[38.4553,-2.8845],[38.4519,-2.8919],[38.4525,-2.8963],[38.4617,-2.8991],[38.4621,-2.9058],[38.4679,-2.9132],[38.4747,-2.9281],[38.4771,-2.9389],[38.4861,-2.9382],[38.4885,-2.9398],[38.4893,-2.9462],[38.4929,-2.9506],[38.4927,-2.9575],[38.4993,-2.9589],[38.5041,-2.9658],[38.5115,-2.9683],[38.5187,-2.9774],[38.5147,-2.9855],[38.4959,-2.986],[38.4923,-2.9852],[38.4897,-2.9813],[38.4777,-2.9879],[38.4713,-2.9874],[38.4605,-2.9938],[38.4579,-2.9921],[38.4495,-2.9752],[38.4307,-2.9581],[38.4095,-2.9298],[38.4051,-2.9282],[38.3971,-2.9295],[38.3941,-2.9285],[38.3861,-2.923],[38.3647,-2.9028],[38.3395,-2.8684],[38.3187,-2.8342],[38.3009,-2.8159],[38.2791,-2.7841],[38.2581,-2.7598],[38.2483,-2.7507],[38.1849,-2.705],[38.1739,-2.6998],[38.1685,-2.6964],[38.1631,-2.6954],[38.1607,-2.6848],[38.1579,-2.6965],[38.1513,-2.7011],[38.1311,-2.7003],[38.1279,-2.7014],[38.1187,-2.7081],[38.1151,-2.715],[38.1027,-2.7207],[37.9751,-2.7899],[37.9379,-2.7731],[37.9311,-2.7659],[37.9273,-2.7528],[37.9269,-2.7434],[37.9297,-2.7398],[37.9307,-2.7255],[37.9241,-2.7097],[37.9219,-2.707],[37.9067,-2.7056],[37.9015,-2.7026],[37.8925,-2.6763],[37.8769,-2.6585],[37.8695,-2.645],[37.8619,-2.6264],[37.8495,-2.6055],[37.5973,-2.3139],[37.6009,-2.3123],[37.6049,-2.3129],[37.6077,-2.3107],[37.6081,-2.3071],[37.6135,-2.301],[37.6183,-2.2999],[37.6235,-2.3062],[37.6265,-2.304],[37.6307,-2.3037],[37.6333,-2.2974],[37.6463,-2.3012],[37.6503,-2.2933],[37.6549,-2.2908],[37.6583,-2.2894],[37.6645,-2.2921],[37.6685,-2.2912],[37.6707,-2.2883],[37.6687,-2.2844],[37.6725,-2.2808],[37.6751,-2.2698],[37.6787,-2.267],[37.6773,-2.2622],[37.6789,-2.2558],[37.6787,-2.2462],[37.6769,-2.2418],[37.6761,-2.231],[37.6841,-2.2263],[37.7063,-2.1975],[37.7169,-2.1926],[37.7251,-2.1925],[37.7079,-2.1835],[37.7049,-2.1727],[37.7019,-2.1685],[37.6981,-2.1666],[37.6903,-2.1663],[37.6655,-2.1578],[37.6215,-2.1633],[37.5955,-2.1561],[37.5915,-2.1542],[37.5749,-2.1409],[37.5637,-2.1287],[37.5523,-2.1295],[37.5477,-2.1284],[37.5451,-2.1259],[37.5439,-2.117],[37.5325,-2.1076],[37.4793,-2.0863],[37.4765,-2.0933],[37.4633,-2.0875],[37.4647,-2.0811],[37.4519,-2.0748],[37.3823,-2.025],[37.3653,-2.0242],[37.3653,-2.0173],[37.3627,-2.015],[37.3595,-2.0137],[37.3137,-2.0087],[37.3095,-2.0051],[37.3041,-2.004],[37.3005,-2.0056],[37.2977,-2.0045],[37.2839,-1.9968],[37.2799,-1.9932],[37.2765,-1.978],[37.2657,-1.9608],[37.2573,-1.9597],[37.2535,-1.9544],[37.2499,-1.9526],[37.2425,-1.9423],[37.2361,-1.9375],[37.2241,-1.9346],[37.2055,-1.9356],[37.2001,-1.9343],[37.1913,-1.9367],[37.1865,-1.934],[37.1833,-1.9307],[37.1833,-1.9254],[37.1709,-1.9179],[37.1707,-1.9146],[37.1595,-1.8992],[37.1589,-1.8936],[37.1549,-1.8872],[37.1595,-1.887],[37.1611,-1.8845],[37.1611,-1.8776],[37.1639,-1.8721],[37.1631,-1.8599],[37.1575,-1.8527],[37.1559,-1.8471],[37.1477,-1.8419],[37.1439,-1.8417],[37.1425,-1.8392],[37.1487,-1.8328],[37.1447,-1.8306],[37.1445,-1.8237],[37.1463,-1.8208],[37.1427,-1.8139],[37.1533,-1.8015],[37.1521,-1.7976],[37.1611,-1.7805],[37.1581,-1.7791],[37.1595,-1.7741],[37.1663,-1.7634],[37.1771,-1.7561],[37.1913,-1.7296],[37.1973,-1.7224],[37.1925,-1.6552],[37.1757,-1.6193],[37.2297,-1.5944],[37.2325,-1.5914],[37.2451,-1.5944],[37.2519,-1.5944],[37.2531,-1.6373],[37.2727,-1.6705],[37.2657,-1.6826],[37.2795,-1.6898],[37.2899,-1.7009],[37.2887,-1.7153],[37.3031,-1.708],[37.3213,-1.7034],[37.3325,-1.7014],[37.3357,-1.7036],[37.3387,-1.7036],[37.3423,-1.7031],[37.3485,-1.7066],[37.3591,-1.7089],[37.3657,-1.7064],[37.3755,-1.707],[37.4129,-1.6898],[37.4089,-1.6859],[37.4025,-1.6729],[37.4011,-1.6655],[37.3969,-1.6625],[37.3901,-1.6492],[37.3873,-1.6477],[37.3835,-1.6384],[37.3831,-1.6334],[37.3785,-1.6262],[37.3709,-1.6051],[37.3631,-1.5911],[37.3429,-1.574],[37.3367,-1.5612],[37.3407,-1.5571],[37.3545,-1.5487],[37.3559,-1.5444],[37.3589,-1.5435],[37.3619,-1.5355],[37.3649,-1.5372],[37.3663,-1.5344],[37.3813,-1.5216],[37.3925,-1.5233],[37.4003,-1.523],[37.4155,-1.5305],[37.4363,-1.5338],[37.4395,-1.531],[37.4417,-1.533],[37.4491,-1.5311],[37.4557,-1.5241],[37.4647,-1.5203],[37.4727,-1.5208],[37.4749,-1.5233],[37.4765,-1.5192],[37.4831,-1.5195],[37.4873,-1.518]]]}},{"type":"Feature","properties":{"name":"Kericho","countyCode":35},"geometry":{"type":"Polygon","coordinates":[[[35.4585,0.0109],[35.4643,0.0096],[35.4797,0.0132],[35.4899,0.013],[35.4953,0.0124],[35.4989,0.0093],[35.5095,0.0066],[35.5151,0.0076],[35.5169,0.0123],[35.5221,0.0135],[35.5445,-0.0084],[35.5853,-0.0084],[35.6113,-0.0321],[35.6339,-0.0363],[35.6385,-0.0457],[35.6401,-0.0504],[35.6375,-0.0546],[35.6407,-0.0615],[35.6381,-0.0634],[35.6307,-0.0717],[35.6267,-0.0787],[35.6161,-0.0844],[35.6175,-0.0889],[35.6147,-0.0921],[35.6221,-0.0977],[35.6239,-0.1037],[35.6131,-0.1115],[35.6119,-0.1196],[35.6043,-0.1235],[35.5995,-0.1229],[35.5985,-0.1273],[35.5983,-0.1312],[35.6009,-0.1342],[35.6019,-0.1378],[35.6017,-0.1453],[35.6047,-0.1521],[35.6117,-0.1591],[35.6241,-0.1522],[35.6321,-0.1533],[35.6433,-0.1511],[35.6517,-0.156],[35.6541,-0.1646],[35.6675,-0.1635],[35.6701,-0.1652],[35.6667,-0.1857],[35.6757,-0.1895],[35.6649,-0.1953],[35.6625,-0.2061],[35.6575,-0.2067],[35.6561,-0.2136],[35.6583,-0.2186],[35.6561,-0.2224],[35.6583,-0.2354],[35.6525,-0.2614],[35.6507,-0.267],[35.6461,-0.2724],[35.6415,-0.2725],[35.6321,-0.2774],[35.6319,-0.289],[35.6205,-0.2952],[35.6187,-0.2913],[35.6119,-0.2902],[35.6051,-0.294],[35.6025,-0.2852],[35.5941,-0.2783],[35.5923,-0.2866],[35.5857,-0.2932],[35.5817,-0.3096],[35.5699,-0.3048],[35.5729,-0.2836],[35.5595,-0.2742],[35.5297,-0.2601],[35.5251,-0.2711],[35.5103,-0.2714],[35.5063,-0.27],[35.4883,-0.2758],[35.4713,-0.2786],[35.4503,-0.2904],[35.4145,-0.3034],[35.4265,-0.3253],[35.4325,-0.3328],[35.4723,-0.3981],[35.4729,-0.4025],[35.4639,-0.4082],[35.4535,-0.4249],[35.4479,-0.4292],[35.4435,-0.4304],[35.4393,-0.4381],[35.4363,-0.4393],[35.4311,-0.4534],[35.4285,-0.4563],[35.4253,-0.4573],[35.4187,-0.4561],[35.4119,-0.4581],[35.4099,-0.461],[35.4057,-0.4625],[35.3963,-0.462],[35.3855,-0.4752],[35.3813,-0.4749],[35.3769,-0.4815],[35.3703,-0.4849],[35.3633,-0.4849],[35.3507,-0.4904],[35.3123,-0.5109],[35.3117,-0.5053],[35.3053,-0.4981],[35.2997,-0.4954],[35.2935,-0.4898],[35.2855,-0.4918],[35.3141,-0.4229],[35.3079,-0.4259],[35.3009,-0.4265],[35.2929,-0.4248],[35.2879,-0.4202],[35.2771,-0.4188],[35.2613,-0.4249],[35.2569,-0.4245],[35.2515,-0.4215],[35.2437,-0.4245],[35.2351,-0.424],[35.2311,-0.4262],[35.2293,-0.4351],[35.2187,-0.4525],[35.2189,-0.4555],[35.2151,-0.4622],[35.2117,-0.4644],[35.2101,-0.4683],[35.2221,-0.4738],[35.2205,-0.4766],[35.2169,-0.4794],[35.1989,-0.4848],[35.1953,-0.4838],[35.1853,-0.4865],[35.1819,-0.483],[35.1785,-0.4959],[35.1789,-0.5012],[35.1811,-0.504],[35.1885,-0.5056],[35.1927,-0.5095],[35.1909,-0.5217],[35.1999,-0.5292],[35.1989,-0.5404],[35.2065,-0.5498],[35.2053,-0.5534],[35.1999,-0.5581],[35.1999,-0.5629],[35.2131,-0.5742],[35.2185,-0.5825],[35.2315,-0.5913],[35.2373,-0.5938],[35.2293,-0.5997],[35.2271,-0.6032],[35.2289,-0.6085],[35.2289,-0.6159],[35.2023,-0.6365],[35.1991,-0.6394],[35.1963,-0.6461],[35.1795,-0.6544],[35.1775,-0.6574],[35.1641,-0.6577],[35.1505,-0.6605],[35.1345,-0.6605],[35.1241,-0.6641],[35.1161,-0.6553],[35.1095,-0.6578],[35.1015,-0.6575],[35.0943,-0.6594],[35.0865,-0.6561],[35.0823,-0.6532],[35.0815,-0.6489],[35.0843,-0.643],[35.0823,-0.6398],[35.0857,-0.6315],[35.0893,-0.6303],[35.0853,-0.6232],[35.0849,-0.6173],[35.0865,-0.6093],[35.0831,-0.6077],[35.0817,-0.6008],[35.0735,-0.5999],[35.0705,-0.6013],[35.0687,-0.6046],[35.0625,-0.6231],[35.0591,-0.6223],[35.0577,-0.6198],[35.0631,-0.6087],[35.0627,-0.6049],[35.0567,-0.5964],[35.0509,-0.582],[35.0495,-0.5728],[35.0513,-0.5662],[35.0507,-0.5584],[35.0523,-0.5554],[35.0505,-0.5495],[35.0525,-0.546],[35.0501,-0.5386],[35.0531,-0.5355],[35.0511,-0.5278],[35.0487,-0.5241],[35.0577,-0.5092],[35.0533,-0.5007],[35.0493,-0.4992],[35.0469,-0.5007],[35.0345,-0.4993],[35.0339,-0.4964],[35.0345,-0.4877],[35.0359,-0.4851],[35.0397,-0.4849],[35.0411,-0.4813],[35.0427,-0.4595],[35.0459,-0.4556],[35.0459,-0.4478],[35.0401,-0.4389],[35.0393,-0.4318],[35.0341,-0.4221],[35.0261,-0.4147],[35.0213,-0.4144],[35.0211,-0.4102],[35.0219,-0.4061],[35.0197,-0.4042],[35.0179,-0.3975],[35.0111,-0.3909],[35.0103,-0.3865],[35.0057,-0.3587],[35.0065,-0.3383],[35.0105,-0.3314],[35.0225,-0.3258],[35.0495,-0.3002],[35.0559,-0.2689],[35.0579,-0.2388],[35.0647,-0.2172],[35.0739,-0.2094],[35.1039,-0.2019],[35.1263,-0.1605],[35.1301,-0.1564],[35.1341,-0.1563],[35.1383,-0.163],[35.1459,-0.1627],[35.1493,-0.1633],[35.1575,-0.1663],[35.1637,-0.1638],[35.1755,-0.1636],[35.1831,-0.1655],[35.1863,-0.1621],[35.1997,-0.164],[35.2079,-0.1712],[35.2155,-0.1754],[35.2209,-0.1942],[35.2277,-0.197],[35.2343,-0.1962],[35.2375,-0.2],[35.2453,-0.2041],[35.2483,-0.2067],[35.2501,-0.2136],[35.2543,-0.2189],[35.2579,-0.2219],[35.2629,-0.2252],[35.2619,-0.2297],[35.2629,-0.2324],[35.2691,-0.2368],[35.2731,-0.2384],[35.2919,-0.2374],[35.3029,-0.2412],[35.3059,-0.2404],[35.3125,-0.2493],[35.3165,-0.2496],[35.3427,-0.2399],[35.3443,-0.2368],[35.3385,-0.2152],[35.3395,-0.2117],[35.3345,-0.2025],[35.3317,-0.192],[35.3313,-0.1771],[35.3275,-0.1766],[35.3253,-0.1743],[35.3199,-0.1765],[35.2967,-0.1765],[35.2873,-0.16],[35.2877,-0.1569],[35.2849,-0.156],[35.2793,-0.147],[35.2759,-0.1474],[35.2749,-0.1505],[35.2723,-0.1519],[35.2691,-0.1486],[35.2543,-0.1207],[35.2355,-0.1204],[35.2291,-0.1123],[35.2271,-0.108],[35.2313,-0.1057],[35.2803,-0.0999],[35.3083,-0.086],[35.3345,-0.1066],[35.3401,-0.108],[35.3439,-0.1096],[35.3725,-0.1098],[35.3905,-0.0977],[35.4017,-0.0875],[35.4201,-0.0803],[35.4245,-0.0778],[35.4051,-0.0236],[35.4139,0.0016],[35.4389,0.0176],[35.4359,0.0248],[35.4659,0.0254],[35.4715,0.0181],[35.4585,0.0109]]]}},{"type":"Feature","properties":{"name":"Kakamega","countyCode":37},"geometry":{"type":"Polygon","coordinates":[[[35.055,0.8996],[35.0561,0.8982],[35.0643,0.896],[35.0767,0.897],[35.0823,0.892],[35.0827,0.886],[35.0861,0.8823],[35.0945,0.8788],[35.1005,0.8743],[35.1039,0.8736],[35.1133,0.8804],[35.1167,0.8506],[35.1259,0.8235],[35.1269,0.8267],[35.1323,0.8288],[35.1439,0.8268],[35.1449,0.7469],[35.1467,0.7388],[35.1551,0.7394],[35.1559,0.6827],[35.1547,0.6719],[35.1527,0.6677],[35.1555,0.6612],[35.1493,0.6581],[35.1421,0.6592],[35.1331,0.6537],[35.1245,0.6523],[35.1183,0.6468],[35.1171,0.6412],[35.1133,0.6407],[35.1067,0.6446],[35.1035,0.6446],[35.0957,0.6344],[35.0859,0.6286],[35.0699,0.6291],[35.0657,0.6315],[35.0569,0.6302],[35.0533,0.6344],[35.0441,0.6365],[35.0415,0.6393],[35.0409,0.6315],[35.0371,0.6271],[35.0315,0.6152],[35.0267,0.6116],[35.0003,0.6362],[34.9941,0.6286],[34.9801,0.6246],[34.9773,0.6222],[34.9671,0.6097],[34.9637,0.6083],[34.9565,0.6086],[34.9531,0.6067],[34.9451,0.6067],[34.9355,0.6019],[34.9201,0.5898],[34.9081,0.5945],[34.8983,0.6042],[34.8913,0.6056],[34.8977,0.5981],[34.8531,0.5464],[34.8755,0.5273],[34.8807,0.5231],[34.8889,0.5196],[34.9045,0.5065],[34.9077,0.5027],[34.9101,0.4885],[34.9245,0.4748],[34.9425,0.4435],[34.9567,0.4148],[34.9555,0.3685],[34.9513,0.3575],[34.9483,0.3561],[34.9493,0.3519],[34.9371,0.3606],[34.9383,0.35],[34.9423,0.3248],[34.9439,0.3199],[34.9531,0.2978],[34.9537,0.2942],[34.9611,0.282],[34.9783,0.2455],[34.9789,0.2406],[34.9583,0.2392],[34.9553,0.2352],[34.9497,0.2231],[34.9445,0.2082],[34.9405,0.2068],[34.9297,0.2073],[34.9251,0.1982],[34.9171,0.198],[34.9105,0.194],[34.9067,0.1949],[34.9029,0.1968],[34.9011,0.2007],[34.8943,0.2059],[34.8913,0.2038],[34.8879,0.2029],[34.8867,0.1987],[34.8839,0.1968],[34.8739,0.1988],[34.8719,0.1957],[34.8681,0.1944],[34.8623,0.1963],[34.8591,0.1918],[34.8547,0.1896],[34.8525,0.1838],[34.8449,0.1814],[34.8425,0.183],[34.8349,0.1828],[34.8261,0.185],[34.8169,0.1841],[34.8137,0.1814],[34.8157,0.1761],[34.8177,0.154],[34.8151,0.1512],[34.8115,0.151],[34.8081,0.154],[34.8071,0.1581],[34.8049,0.1598],[34.7979,0.1606],[34.7913,0.1559],[34.7853,0.157],[34.7825,0.1553],[34.7801,0.1498],[34.7771,0.1476],[34.7725,0.1498],[34.7681,0.149],[34.7657,0.1416],[34.7625,0.1376],[34.7447,0.1379],[34.7381,0.1431],[34.7373,0.147],[34.7225,0.1395],[34.7193,0.141],[34.7121,0.138],[34.7027,0.1379],[34.7051,0.1351],[34.7051,0.1308],[34.6941,0.1307],[34.6875,0.1229],[34.6837,0.1222],[34.6779,0.128],[34.6615,0.1244],[34.6339,0.1265],[34.6209,0.1241],[34.5873,0.1128],[34.5861,0.1089],[34.5859,0.1036],[34.5787,0.1],[34.5757,0.0964],[34.5629,0.0945],[34.5577,0.0892],[34.5557,0.0967],[34.5583,0.105],[34.5547,0.1067],[34.5525,0.11],[34.5479,0.1136],[34.5519,0.1164],[34.5557,0.1274],[34.5491,0.1307],[34.5455,0.1365],[34.5369,0.1349],[34.5333,0.1324],[34.5299,0.1252],[34.5267,0.123],[34.5139,0.1257],[34.5123,0.1188],[34.5099,0.1163],[34.5061,0.1172],[34.5045,0.1214],[34.5009,0.1229],[34.4991,0.1191],[34.5033,0.1125],[34.4969,0.1078],[34.4965,0.1033],[34.4933,0.1003],[34.4887,0.1022],[34.4751,0.1025],[34.4751,0.1102],[34.4791,0.1122],[34.4769,0.1158],[34.4643,0.1205],[34.4595,0.1208],[34.4577,0.1243],[34.4585,0.128],[34.4727,0.1291],[34.4835,0.1362],[34.4849,0.1388],[34.4827,0.1456],[34.4839,0.1495],[34.4773,0.1532],[34.4743,0.1545],[34.4697,0.155],[34.4525,0.1509],[34.4431,0.1456],[34.4351,0.1438],[34.4303,0.1459],[34.4267,0.149],[34.4349,0.1542],[34.4419,0.1636],[34.4371,0.1708],[34.4303,0.1769],[34.4299,0.18],[34.4271,0.1828],[34.4371,0.1994],[34.4309,0.211],[34.4219,0.2024],[34.4119,0.1965],[34.4085,0.1891],[34.4039,0.1849],[34.3855,0.1771],[34.3911,0.1913],[34.3925,0.2037],[34.3911,0.2145],[34.3849,0.2264],[34.3931,0.2305],[34.3979,0.2312],[34.3993,0.2349],[34.3999,0.2385],[34.3983,0.2413],[34.3985,0.2479],[34.4011,0.258],[34.3997,0.2612],[34.3905,0.2693],[34.3895,0.2729],[34.3939,0.2784],[34.3979,0.2803],[34.3951,0.2864],[34.3835,0.2975],[34.3791,0.3041],[34.3745,0.306],[34.3813,0.3132],[34.3829,0.3163],[34.3837,0.319],[34.3857,0.3505],[34.4009,0.3606],[34.4149,0.3649],[34.4215,0.3691],[34.4207,0.3722],[34.4091,0.3829],[34.4057,0.3857],[34.3923,0.394],[34.3861,0.3956],[34.3789,0.4031],[34.3679,0.4018],[34.3635,0.4025],[34.3597,0.4054],[34.3455,0.4225],[34.3477,0.4263],[34.3653,0.4393],[34.3693,0.4557],[34.3767,0.4584],[34.3841,0.4576],[34.3893,0.4598],[34.3929,0.4664],[34.4071,0.4738],[34.4207,0.4726],[34.4299,0.4647],[34.4367,0.4615],[34.4399,0.4618],[34.449,0.4664],[34.4607,0.467],[34.4743,0.4799],[34.4843,0.4825],[34.4875,0.4797],[34.4949,0.4661],[34.4957,0.4576],[34.5095,0.4554],[34.5177,0.4482],[34.5313,0.4437],[34.5369,0.4502],[34.5371,0.4587],[34.5505,0.4675],[34.5647,0.4565],[34.5717,0.4565],[34.5783,0.4551],[34.5809,0.4523],[34.5819,0.43],[34.5905,0.4236],[34.5931,0.4283],[34.5909,0.4366],[34.5931,0.4438],[34.5963,0.4432],[34.6057,0.449],[34.6157,0.4421],[34.6175,0.4529],[34.6197,0.4562],[34.6277,0.4606],[34.6313,0.4595],[34.6313,0.4543],[34.6339,0.4512],[34.6453,0.4493],[34.6521,0.4538],[34.6551,0.4523],[34.6579,0.4537],[34.6611,0.4593],[34.6689,0.4596],[34.6747,0.4695],[34.6789,0.4717],[34.6769,0.4822],[34.6873,0.4847],[34.6903,0.4825],[34.6901,0.4891],[34.7015,0.5057],[34.7103,0.5035],[34.7171,0.509],[34.7213,0.5073],[34.7257,0.5093],[34.7359,0.5201],[34.7393,0.5318],[34.7459,0.5361],[34.7485,0.5348],[34.7599,0.5464],[34.7607,0.5506],[34.7659,0.555],[34.7645,0.5594],[34.7665,0.5629],[34.7715,0.5638],[34.7805,0.573],[34.7839,0.5752],[34.7871,0.5751],[34.7973,0.5826],[34.8025,0.5854],[34.8107,0.587],[34.8013,0.5968],[34.8037,0.6036],[34.8121,0.6089],[34.8177,0.6158],[34.8267,0.6185],[34.8333,0.6258],[34.8339,0.6326],[34.8361,0.6354],[34.8347,0.6454],[34.8379,0.6481],[34.8391,0.6518],[34.8383,0.6561],[34.8409,0.6573],[34.8457,0.6669],[34.8577,0.6725],[34.8587,0.6774],[34.8639,0.683],[34.8671,0.6813],[34.8749,0.683],[34.8827,0.6822],[34.8927,0.6885],[34.8993,0.6849],[34.9093,0.6846],[34.9215,0.6985],[34.9245,0.6987],[34.9279,0.7016],[34.9297,0.709],[34.9229,0.7211],[34.9229,0.7242],[34.9289,0.7377],[34.9315,0.7392],[34.9347,0.7383],[34.9379,0.7406],[34.9407,0.7391],[34.9491,0.7502],[34.9563,0.7508],[34.9571,0.7479],[34.9625,0.7515],[34.9709,0.7518],[34.9785,0.7544],[34.9825,0.7522],[34.9865,0.7529],[34.9893,0.7515],[34.9943,0.7446],[35.0005,0.7424],[35.0063,0.7449],[35.0125,0.7518],[35.0189,0.7486],[35.0211,0.7428],[35.0243,0.7422],[35.0279,0.7435],[35.0285,0.7474],[35.0321,0.7496],[35.0401,0.7466],[35.0411,0.7494],[35.0395,0.7529],[35.0449,0.759],[35.0543,0.7618],[35.0583,0.7618],[35.0627,0.7594],[35.0661,0.7632],[35.0659,0.7754],[35.0677,0.7803],[35.0649,0.7922],[35.0629,0.7956],[35.0591,0.7989],[35.0519,0.8011],[35.0429,0.8168],[35.0399,0.819],[35.0331,0.8199],[35.0303,0.8226],[35.0253,0.8318],[35.0277,0.8398],[35.0259,0.8492],[35.0141,0.8608],[35.0195,0.8804],[35.0205,0.8893],[35.0227,0.8924],[35.0267,0.8948],[35.0317,0.8934],[35.0449,0.9003],[35.0481,0.899],[35.055,0.8996]]]}},{"type":"Feature","properties":{"name":"Vihiga","countyCode":38},"geometry":{"type":"Polygon","coordinates":[[[34.9029,0.1973],[34.9067,0.1949],[34.9105,0.194],[34.9173,0.198],[34.9247,0.1982],[34.9255,0.1937],[34.9173,0.1705],[34.9199,0.168],[34.9167,0.157],[34.9145,0.154],[34.9011,0.151],[34.8887,0.1446],[34.8717,0.1296],[34.8615,0.1199],[34.8579,0.1099],[34.8579,0.1056],[34.8597,0.1028],[34.8583,0.092],[34.8601,0.0815],[34.8491,0.0663],[34.8495,0.0596],[34.8479,0.0555],[34.8407,0.0453],[34.8369,0.0304],[34.8345,0.0287],[34.8303,0.029],[34.8201,0.0325],[34.8095,0.0265],[34.8103,0.0234],[34.8079,0.0209],[34.8049,0.0203],[34.7989,0.0224],[34.7843,0.0116],[34.7791,0.0054],[34.7677,-0.0006],[34.7645,-0.0015],[34.7611,0.0018],[34.7607,0.0054],[34.7583,0.008],[34.7549,0.0082],[34.7467,0.0032],[34.7417,0.0032],[34.7403,-0.0012],[34.7451,-0.0123],[34.7453,-0.017],[34.7501,-0.0209],[34.7463,-0.0236],[34.7395,-0.0242],[34.7299,-0.0092],[34.7261,-0.0075],[34.7179,-0.0092],[34.7101,-0.0205],[34.6963,-0.0206],[34.6891,-0.0115],[34.6813,-0.0148],[34.6723,-0.0159],[34.6413,-0.0034],[34.6347,0.0008],[34.6283,0.0021],[34.6135,-0.0004],[34.6129,0.0029],[34.6091,0.0029],[34.6071,0.0082],[34.6039,0.0101],[34.5897,0],[34.5923,-0.0075],[34.5899,-0.0098],[34.5867,-0.0227],[34.5837,-0.0272],[34.5837,-0.0332],[34.5773,-0.038],[34.5687,-0.0401],[34.5627,-0.038],[34.5621,-0.031],[34.5645,-0.026],[34.5631,-0.0214],[34.5591,-0.0206],[34.5491,-0.0239],[34.5361,-0.0181],[34.5363,-0.0133],[34.5425,-0.0054],[34.5371,-0.0006],[34.5363,0.0035],[34.5437,0.0073],[34.5461,0.0146],[34.5489,0.0176],[34.5505,0.0237],[34.5501,0.0309],[34.5535,0.0369],[34.5537,0.0406],[34.5565,0.0456],[34.5595,0.0466],[34.5577,0.0536],[34.5593,0.0713],[34.5559,0.0856],[34.5641,0.095],[34.5753,0.0959],[34.5857,0.1042],[34.5861,0.1089],[34.5887,0.1133],[34.6181,0.1232],[34.6339,0.1265],[34.6645,0.1243],[34.6767,0.1277],[34.6829,0.1224],[34.6867,0.1229],[34.6965,0.1313],[34.7039,0.1308],[34.7051,0.1374],[34.7249,0.1409],[34.7363,0.1465],[34.7423,0.1393],[34.7489,0.1376],[34.7623,0.1376],[34.7691,0.149],[34.7773,0.1476],[34.7855,0.1556],[34.7919,0.1561],[34.7975,0.1604],[34.8049,0.1598],[34.8071,0.1581],[34.8081,0.154],[34.8123,0.1512],[34.8163,0.1525],[34.8179,0.1554],[34.8159,0.1756],[34.8139,0.1799],[34.8165,0.1836],[34.8261,0.185],[34.8293,0.183],[34.8405,0.1833],[34.8449,0.1814],[34.8529,0.1857],[34.8547,0.1896],[34.8639,0.1963],[34.8719,0.1957],[34.8739,0.1988],[34.8839,0.1968],[34.8867,0.1987],[34.8879,0.2029],[34.8913,0.2038],[34.8979,0.2031],[34.9029,0.1973]]]}},{"type":"Feature","properties":{"name":"Bungoma","countyCode":39},"geometry":{"type":"Polygon","coordinates":[[[34.6203,1.1003],[34.6329,1.0911],[34.6509,1.0831],[34.6611,1.0812],[34.6609,1.0773],[34.6523,1.0541],[34.6563,1.0508],[34.6617,1.0439],[34.6895,1.0046],[34.7401,0.9374],[34.7681,0.9211],[34.7835,0.9236],[34.7919,0.9191],[34.7997,0.9104],[34.8013,0.9054],[34.7997,0.902],[34.7961,0.9001],[34.7879,0.89],[34.7967,0.8658],[34.7959,0.8584],[34.8003,0.8476],[34.8059,0.8406],[34.8061,0.8368],[34.8105,0.8251],[34.8121,0.8182],[34.8099,0.8069],[34.8227,0.8088],[34.8711,0.8238],[34.9207,0.8483],[34.9269,0.8528],[34.9347,0.8534],[34.9431,0.8688],[34.9507,0.8686],[34.9673,0.8724],[34.9663,0.8774],[34.9883,0.8843],[34.9859,0.8785],[35.0197,0.886],[35.0195,0.8804],[35.0141,0.8608],[35.0255,0.8506],[35.0275,0.8396],[35.0255,0.8307],[35.0303,0.8226],[35.0331,0.8199],[35.0393,0.8193],[35.0427,0.8171],[35.0519,0.8013],[35.0591,0.7988],[35.0629,0.7956],[35.0649,0.7922],[35.0678,0.7803],[35.0659,0.7754],[35.0661,0.7634],[35.0626,0.7595],[35.0582,0.7619],[35.0543,0.7619],[35.0449,0.759],[35.0395,0.7529],[35.0411,0.7495],[35.0401,0.7466],[35.0321,0.7496],[35.0285,0.7474],[35.0279,0.7435],[35.0243,0.7422],[35.0211,0.7428],[35.0189,0.7486],[35.0125,0.7518],[35.0085,0.7466],[35.0063,0.7449],[35.0005,0.7424],[34.9943,0.7446],[34.9895,0.7513],[34.9864,0.7529],[34.9822,0.7523],[34.9785,0.7545],[34.9707,0.7516],[34.9627,0.7515],[34.9571,0.7478],[34.9562,0.7508],[34.9491,0.7502],[34.9408,0.7391],[34.9379,0.7406],[34.9346,0.7383],[34.9315,0.7392],[34.9288,0.7375],[34.923,0.7244],[34.923,0.7214],[34.9297,0.709],[34.9281,0.7021],[34.9246,0.6987],[34.9215,0.6983],[34.9093,0.6846],[34.8993,0.6849],[34.8929,0.6885],[34.8827,0.6822],[34.8749,0.683],[34.8671,0.6813],[34.8638,0.683],[34.8587,0.6774],[34.8577,0.6725],[34.8457,0.6669],[34.8409,0.6573],[34.8384,0.6558],[34.8379,0.6481],[34.8347,0.6454],[34.8362,0.6354],[34.834,0.6327],[34.8335,0.6257],[34.8268,0.6185],[34.8177,0.6158],[34.8121,0.6089],[34.8037,0.6037],[34.8013,0.5967],[34.8108,0.587],[34.8025,0.5854],[34.7973,0.5826],[34.7871,0.5751],[34.7839,0.5752],[34.7805,0.573],[34.7715,0.5638],[34.7665,0.5629],[34.7646,0.5595],[34.7659,0.555],[34.7608,0.5508],[34.7599,0.5464],[34.7485,0.5348],[34.7459,0.5361],[34.7394,0.5318],[34.7359,0.5201],[34.7257,0.509],[34.7213,0.5073],[34.7171,0.509],[34.7103,0.5035],[34.7015,0.5057],[34.6904,0.4893],[34.6903,0.4825],[34.6873,0.4847],[34.6769,0.4822],[34.6789,0.4717],[34.6748,0.4695],[34.6688,0.4596],[34.6611,0.4593],[34.6579,0.4537],[34.6551,0.4523],[34.6521,0.4538],[34.6453,0.4493],[34.6339,0.4512],[34.6313,0.4543],[34.6313,0.4595],[34.6277,0.4606],[34.6197,0.4562],[34.6175,0.4529],[34.6157,0.4421],[34.6059,0.449],[34.5963,0.4432],[34.5931,0.4438],[34.5909,0.438],[34.5935,0.4307],[34.5897,0.4213],[34.5819,0.43],[34.5809,0.4531],[34.5717,0.4565],[34.5647,0.4565],[34.5505,0.4675],[34.5371,0.4587],[34.537,0.4503],[34.5313,0.4437],[34.5177,0.4482],[34.5095,0.4554],[34.4957,0.4576],[34.4949,0.4661],[34.4875,0.4797],[34.4843,0.4825],[34.4743,0.4798],[34.4607,0.467],[34.4489,0.4664],[34.4399,0.4618],[34.4367,0.4615],[34.4299,0.4646],[34.4207,0.4726],[34.4169,0.4739],[34.4071,0.4739],[34.3929,0.4664],[34.3895,0.4699],[34.3855,0.4863],[34.3869,0.4931],[34.3895,0.4963],[34.4047,0.4988],[34.4089,0.503],[34.4083,0.5076],[34.4019,0.5151],[34.3883,0.5403],[34.3855,0.5394],[34.3827,0.5419],[34.3689,0.5593],[34.3771,0.5762],[34.3719,0.5853],[34.3711,0.6041],[34.3759,0.605],[34.3777,0.6078],[34.3793,0.6125],[34.3793,0.621],[34.3843,0.6321],[34.3843,0.6402],[34.3921,0.6443],[34.3945,0.6473],[34.4199,0.6592],[34.4145,0.6661],[34.4097,0.6797],[34.4159,0.6874],[34.4143,0.6982],[34.4117,0.7015],[34.4055,0.7236],[34.4085,0.7245],[34.4119,0.7225],[34.4183,0.7222],[34.4269,0.7262],[34.4315,0.7253],[34.4335,0.7281],[34.4347,0.7375],[34.4343,0.7421],[34.4247,0.7554],[34.4129,0.7601],[34.4033,0.7536],[34.3977,0.7549],[34.3823,0.7717],[34.3699,0.7706],[34.3629,0.7759],[34.3731,0.7848],[34.3737,0.7889],[34.3769,0.793],[34.3793,0.7948],[34.3821,0.7914],[34.3843,0.7933],[34.3845,0.7997],[34.3865,0.8019],[34.3907,0.8028],[34.3975,0.8],[34.4033,0.8044],[34.4159,0.8099],[34.4127,0.8121],[34.4115,0.8146],[34.4135,0.8182],[34.4089,0.8232],[34.4083,0.8265],[34.4103,0.8307],[34.4145,0.8337],[34.4149,0.8382],[34.4245,0.8505],[34.4421,0.8556],[34.4463,0.8614],[34.4471,0.8757],[34.4523,0.889],[34.4509,0.8976],[34.4643,0.9095],[34.4793,0.936],[34.4829,0.9582],[34.4893,0.9798],[34.4883,1.0046],[34.4919,1.0303],[34.4955,1.045],[34.4999,1.0549],[34.4999,1.0591],[34.5033,1.0677],[34.5141,1.0793],[34.5225,1.0989],[34.5261,1.102],[34.5309,1.1034],[34.5595,1.1005],[34.5645,1.0984],[34.5751,1.099],[34.5777,1.1028],[34.5797,1.1479],[34.6039,1.1166],[34.6057,1.1144],[34.6203,1.1003]]]}},{"type":"Feature","properties":{"name":"Busia","countyCode":40},"geometry":{"type":"Polygon","coordinates":[[[34.3691,0.7706],[34.3729,0.7698],[34.3823,0.7717],[34.3979,0.7538],[34.4059,0.7541],[34.4123,0.7601],[34.4247,0.7554],[34.4341,0.7427],[34.4349,0.7341],[34.4315,0.7261],[34.4265,0.7262],[34.4237,0.7234],[34.4197,0.7226],[34.4129,0.7222],[34.4085,0.7245],[34.4053,0.7236],[34.4117,0.7015],[34.4143,0.6982],[34.4159,0.6874],[34.4097,0.6794],[34.4145,0.6661],[34.4199,0.6592],[34.3945,0.6472],[34.3921,0.6443],[34.3845,0.6404],[34.3843,0.6321],[34.3799,0.623],[34.3793,0.6127],[34.376,0.605],[34.3712,0.6041],[34.3707,0.6008],[34.3719,0.5853],[34.3771,0.5762],[34.3691,0.5605],[34.3827,0.5418],[34.3856,0.5394],[34.3883,0.5402],[34.3907,0.537],[34.4019,0.5151],[34.4083,0.5076],[34.4091,0.503],[34.4045,0.4986],[34.3895,0.4963],[34.3869,0.493],[34.3855,0.4863],[34.3895,0.4698],[34.3929,0.4664],[34.3893,0.4598],[34.3841,0.4574],[34.3767,0.4584],[34.3693,0.4557],[34.3653,0.4394],[34.3487,0.4269],[34.3463,0.4216],[34.3597,0.4054],[34.3635,0.4025],[34.3679,0.4018],[34.3789,0.4031],[34.3863,0.3956],[34.3925,0.3938],[34.4091,0.3829],[34.4213,0.3716],[34.4211,0.3683],[34.4149,0.3649],[34.3965,0.3586],[34.3853,0.3498],[34.3855,0.3334],[34.3837,0.319],[34.3829,0.3163],[34.3791,0.311],[34.3659,0.3021],[34.3351,0.3085],[34.3175,0.3066],[34.2939,0.3072],[34.2893,0.3057],[34.2761,0.3083],[34.2657,0.3058],[34.2523,0.311],[34.2473,0.3086],[34.2405,0.2944],[34.2357,0.2897],[34.2187,0.2869],[34.2057,0.2828],[34.2063,0.2745],[34.2041,0.261],[34.2021,0.2657],[34.1873,0.2737],[34.1827,0.2845],[34.1751,0.2933],[34.1601,0.2984],[34.1591,0.2884],[34.1391,0.2551],[34.1329,0.2491],[34.1177,0.2408],[34.1167,0.2161],[34.1145,0.209],[34.1101,0.2032],[34.1107,0.1993],[34.1063,0.1835],[34.1125,0.173],[34.1115,0.1617],[34.1129,0.1503],[34.1145,0.1426],[34.1123,0.1343],[34.1083,0.1279],[34.1037,0.1241],[34.1037,0.1296],[34.1055,0.1332],[34.1019,0.134],[34.0983,0.1326],[34.0911,0.1244],[34.0873,0.1243],[34.0837,0.121],[34.0729,0.1166],[34.0743,0.1025],[34.0663,0.087],[34.0427,-0.0021],[34.0287,-0.0214],[34.0163,-0.03],[34.0079,-0.0286],[33.9499,-0.0289],[33.9109,0.1005],[33.9113,0.1047],[34.0107,0.2392],[34.0149,0.2474],[34.0221,0.2546],[34.0215,0.2593],[34.0251,0.2673],[34.0341,0.2695],[34.0401,0.2739],[34.0413,0.2773],[34.0399,0.28],[34.0425,0.2911],[34.0475,0.2922],[34.0497,0.2948],[34.0495,0.2992],[34.0531,0.3066],[34.0599,0.3107],[34.0585,0.3215],[34.0655,0.3235],[34.0715,0.323],[34.0813,0.3307],[34.0815,0.3338],[34.0989,0.3484],[34.0981,0.3522],[34.0993,0.3548],[34.1069,0.3649],[34.1087,0.3735],[34.1047,0.3956],[34.1009,0.4028],[34.0999,0.4119],[34.0911,0.4213],[34.0897,0.4247],[34.0895,0.4358],[34.0913,0.4416],[34.0899,0.4554],[34.0977,0.4645],[34.1013,0.4651],[34.1113,0.4758],[34.1201,0.4803],[34.1181,0.4906],[34.1181,0.5073],[34.1197,0.5115],[34.1239,0.5137],[34.1225,0.5174],[34.1187,0.5201],[34.1285,0.5369],[34.1279,0.556],[34.1393,0.5831],[34.1431,0.5818],[34.1525,0.5862],[34.1661,0.5989],[34.1737,0.6025],[34.1775,0.6064],[34.1869,0.6064],[34.1859,0.6102],[34.1917,0.615],[34.1933,0.6192],[34.1983,0.6246],[34.2011,0.6257],[34.2047,0.6229],[34.2087,0.6252],[34.2127,0.6238],[34.2175,0.6246],[34.2203,0.6294],[34.2305,0.6266],[34.2333,0.628],[34.2371,0.6274],[34.2423,0.6324],[34.2513,0.6296],[34.2627,0.6373],[34.2761,0.6407],[34.2793,0.6462],[34.2785,0.6568],[34.2807,0.6644],[34.2777,0.6774],[34.2833,0.6819],[34.2859,0.6807],[34.2921,0.6841],[34.2985,0.6902],[34.3069,0.6944],[34.3119,0.6951],[34.3131,0.6996],[34.3093,0.7079],[34.3081,0.7303],[34.3109,0.7375],[34.3097,0.74],[34.3117,0.7516],[34.3153,0.7618],[34.3187,0.764],[34.3337,0.7666],[34.3585,0.7754],[34.3691,0.7706]]]}},{"type":"Feature","properties":{"name":"Siaya","countyCode":41},"geometry":{"type":"Polygon","coordinates":[[[34.2659,0.3059],[34.2761,0.3083],[34.2895,0.3057],[34.3175,0.3066],[34.3353,0.3085],[34.3455,0.3052],[34.3663,0.3016],[34.3719,0.3057],[34.3781,0.3044],[34.3835,0.2975],[34.3951,0.2864],[34.3963,0.2806],[34.3883,0.2737],[34.3905,0.2693],[34.3997,0.2612],[34.4011,0.258],[34.3985,0.2479],[34.3983,0.2413],[34.3999,0.2385],[34.3993,0.2349],[34.3967,0.2312],[34.3849,0.2264],[34.3911,0.2145],[34.3923,0.2032],[34.3911,0.1913],[34.3853,0.1772],[34.4037,0.1852],[34.4075,0.1882],[34.4119,0.1965],[34.4217,0.2024],[34.4297,0.2106],[34.4373,0.1996],[34.4275,0.1838],[34.4303,0.1769],[34.4369,0.1711],[34.4417,0.1639],[34.4349,0.1542],[34.4287,0.1504],[34.4303,0.1459],[34.4389,0.1437],[34.4431,0.1456],[34.4525,0.1509],[34.4699,0.155],[34.4743,0.1545],[34.4773,0.1532],[34.4821,0.1492],[34.4849,0.1388],[34.4835,0.1362],[34.4727,0.1291],[34.4579,0.128],[34.4577,0.1243],[34.4591,0.1207],[34.4643,0.1205],[34.4769,0.1158],[34.4791,0.1122],[34.4751,0.1102],[34.4751,0.1025],[34.4955,0.102],[34.4969,0.1084],[34.5033,0.1125],[34.4995,0.1196],[34.5009,0.1229],[34.5083,0.1141],[34.5127,0.12],[34.5135,0.1238],[34.5265,0.123],[34.5299,0.1252],[34.5333,0.1324],[34.5373,0.1349],[34.5455,0.1365],[34.5491,0.1307],[34.5549,0.1246],[34.5513,0.1163],[34.5453,0.112],[34.5525,0.11],[34.5547,0.1067],[34.5583,0.105],[34.5557,0.0967],[34.5571,0.0895],[34.5551,0.0854],[34.5593,0.0713],[34.5577,0.0536],[34.5599,0.0464],[34.5543,0.0441],[34.5501,0.0309],[34.5505,0.0237],[34.5489,0.0181],[34.5461,0.0146],[34.5429,0.0129],[34.5437,0.0073],[34.5361,0.0035],[34.5371,-0.0006],[34.5423,-0.0048],[34.5355,-0.0147],[34.5315,-0.0191],[34.5257,-0.0222],[34.5069,-0.0289],[34.4919,-0.0305],[34.4721,-0.0419],[34.4613,-0.044],[34.4585,-0.0479],[34.4555,-0.0484],[34.4447,-0.0574],[34.4315,-0.064],[34.4253,-0.0703],[34.4187,-0.0795],[34.4169,-0.0875],[34.4171,-0.0914],[34.4221,-0.1093],[34.4287,-0.1281],[34.4291,-0.1384],[34.4323,-0.1466],[34.4837,-0.3012],[34.4225,-0.3372],[34.3179,-0.4246],[34.3059,-0.4299],[34.2979,-0.4309],[34.2815,-0.4268],[34.2713,-0.4177],[34.2417,-0.3419],[34.2213,-0.3405],[33.9485,-0.3405],[33.9837,-0.1312],[33.9499,-0.0289],[34.0079,-0.0286],[34.0163,-0.03],[34.0285,-0.0216],[34.0427,-0.0021],[34.0669,0.0876],[34.0743,0.1025],[34.0729,0.1166],[34.0835,0.1208],[34.0881,0.1243],[34.0911,0.1241],[34.0983,0.1326],[34.1021,0.134],[34.1055,0.1332],[34.1037,0.1296],[34.1037,0.1238],[34.1083,0.1279],[34.1123,0.1343],[34.1149,0.1476],[34.1129,0.1503],[34.1115,0.1617],[34.1125,0.1733],[34.1063,0.1835],[34.1115,0.2046],[34.1145,0.209],[34.1167,0.2161],[34.1177,0.2408],[34.1329,0.2491],[34.1391,0.2551],[34.1415,0.2585],[34.1447,0.2596],[34.1449,0.2635],[34.1591,0.2884],[34.1607,0.2972],[34.1743,0.2939],[34.1829,0.2845],[34.1877,0.2734],[34.2021,0.2657],[34.2045,0.2635],[34.2063,0.2745],[34.2057,0.2828],[34.2357,0.2897],[34.2405,0.2944],[34.2469,0.3078],[34.2523,0.311],[34.2659,0.3059]]]}},{"type":"Feature","properties":{"name":"Homa Bay","countyCode":43},"geometry":{"type":"Polygon","coordinates":[[[34.7615,-0.3121],[34.7703,-0.3129],[34.7879,-0.3267],[34.7885,-0.3317],[34.7849,-0.3364],[34.7861,-0.3396],[34.7893,-0.3433],[34.7929,-0.3438],[34.7923,-0.3469],[34.7941,-0.3502],[34.7989,-0.3538],[34.8015,-0.3552],[34.8099,-0.3541],[34.8193,-0.3668],[34.8173,-0.3706],[34.8207,-0.3704],[34.8233,-0.374],[34.8229,-0.3786],[34.8251,-0.382],[34.8249,-0.3861],[34.8285,-0.3886],[34.8403,-0.3923],[34.8555,-0.3927],[34.8599,-0.395],[34.8627,-0.3988],[34.8681,-0.3953],[34.8727,-0.3958],[34.8869,-0.3975],[34.8917,-0.4024],[34.8919,-0.3978],[34.8941,-0.3956],[34.9159,-0.3867],[34.9169,-0.3903],[34.9149,-0.403],[34.9267,-0.4033],[34.9297,-0.4049],[34.9309,-0.4119],[34.9381,-0.4124],[34.9517,-0.4166],[34.9623,-0.4158],[34.9649,-0.4138],[34.9769,-0.411],[34.9807,-0.4138],[34.9853,-0.4143],[34.9933,-0.4083],[35.0029,-0.4058],[35.0101,-0.3936],[35.0179,-0.3975],[35.0197,-0.4042],[35.0219,-0.4061],[35.0211,-0.4102],[35.0141,-0.418],[35.0017,-0.4285],[34.9991,-0.4302],[34.9895,-0.434],[34.9861,-0.4339],[34.9675,-0.4429],[34.9409,-0.4655],[34.9363,-0.4677],[34.9279,-0.4719],[34.9075,-0.4821],[34.8811,-0.4888],[34.8587,-0.5053],[34.8559,-0.5068],[34.8515,-0.5117],[34.8185,-0.52],[34.8111,-0.5239],[34.7927,-0.5297],[34.7891,-0.5336],[34.7795,-0.5352],[34.7783,-0.5327],[34.7761,-0.5349],[34.7693,-0.5349],[34.7619,-0.5452],[34.7613,-0.5493],[34.7533,-0.5576],[34.7487,-0.5598],[34.7401,-0.5603],[34.7327,-0.5582],[34.7251,-0.5607],[34.7127,-0.5601],[34.7115,-0.5676],[34.7027,-0.5764],[34.6959,-0.5927],[34.6859,-0.6032],[34.6601,-0.6046],[34.6519,-0.6176],[34.6501,-0.627],[34.6441,-0.6334],[34.6375,-0.6616],[34.6337,-0.6624],[34.6249,-0.6564],[34.6147,-0.6533],[34.6105,-0.6525],[34.5937,-0.6516],[34.5885,-0.6522],[34.5839,-0.6539],[34.5795,-0.6613],[34.5581,-0.6677],[34.5599,-0.6743],[34.5535,-0.6777],[34.5521,-0.6835],[34.5405,-0.6945],[34.5349,-0.7053],[34.5349,-0.724],[34.5325,-0.7274],[34.5359,-0.731],[34.5325,-0.7431],[34.5265,-0.7478],[34.5199,-0.7576],[34.5093,-0.7664],[34.4863,-0.789],[34.4833,-0.8002],[34.4761,-0.8134],[34.4651,-0.8383],[34.4643,-0.8645],[34.4289,-0.8372],[34.3977,-0.8208],[34.3911,-0.8187],[34.3881,-0.8189],[34.3887,-0.8226],[34.3935,-0.8316],[34.3909,-0.8331],[34.3821,-0.8485],[34.3789,-0.8469],[34.3717,-0.8499],[34.3703,-0.8532],[34.3673,-0.8541],[34.3421,-0.8574],[34.3387,-0.8593],[34.3379,-0.8635],[34.3227,-0.8674],[34.3117,-0.858],[34.3093,-0.8551],[34.3003,-0.8397],[34.2969,-0.8386],[34.2849,-0.827],[34.2709,-0.8264],[34.2543,-0.8206],[34.2535,-0.8134],[34.2469,-0.8073],[34.2403,-0.7977],[34.2349,-0.7863],[34.2209,-0.7738],[34.2141,-0.7695],[34.2109,-0.7617],[34.2033,-0.7526],[34.2007,-0.7448],[34.1909,-0.7482],[34.1699,-0.7651],[34.1523,-0.77],[34.1463,-0.7775],[34.1419,-0.7796],[34.1189,-0.7805],[34.1087,-0.7846],[34.0883,-0.7871],[34.0849,-0.7899],[34.0803,-0.8076],[33.9265,-0.8073],[33.9177,-0.5703],[33.9207,-0.5546],[33.9251,-0.4683],[33.9485,-0.3405],[34.2123,-0.3405],[34.2417,-0.3427],[34.2713,-0.4177],[34.2815,-0.4268],[34.2945,-0.431],[34.3059,-0.4299],[34.3179,-0.4246],[34.4225,-0.3372],[34.4551,-0.3192],[34.4837,-0.3012],[34.5309,-0.2731],[34.7043,-0.2592],[34.7557,-0.2924],[34.7589,-0.2993],[34.7591,-0.3084],[34.7615,-0.3121]]]}},{"type":"Feature","properties":{"name":"Migori","countyCode":44},"geometry":{"type":"Polygon","coordinates":[[[34.6056,-0.6531],[34.6105,-0.6525],[34.6259,-0.6566],[34.6353,-0.663],[34.6355,-0.669],[34.6379,-0.6765],[34.6369,-0.6821],[34.6407,-0.702],[34.6421,-0.7053],[34.6351,-0.7207],[34.6295,-0.7265],[34.6289,-0.7321],[34.6289,-0.7352],[34.6307,-0.7418],[34.6277,-0.7504],[34.6291,-0.7534],[34.6267,-0.757],[34.6249,-0.7869],[34.6237,-0.7918],[34.6235,-0.825],[34.6257,-0.8292],[34.6225,-0.8369],[34.6219,-0.8416],[34.6127,-0.8424],[34.6099,-0.8444],[34.6117,-0.8519],[34.6113,-0.8594],[34.6177,-0.8739],[34.6151,-0.8833],[34.6151,-0.8876],[34.6241,-0.9246],[34.6225,-0.9381],[34.6235,-0.9461],[34.6275,-0.9555],[34.6345,-0.9655],[34.6413,-0.9683],[34.6125,-0.9976],[34.5905,-1.0175],[34.5919,-1.0365],[34.5935,-1.0441],[34.6011,-1.0585],[34.6185,-1.0775],[34.6147,-1.0833],[34.6149,-1.0894],[34.6201,-1.0972],[34.6229,-1.1071],[34.6223,-1.1138],[34.6303,-1.1254],[34.6311,-1.1317],[34.6327,-1.1384],[34.6253,-1.1561],[34.6351,-1.1641],[34.6411,-1.1657],[34.6541,-1.1785],[34.6541,-1.1876],[34.6611,-1.1904],[34.6659,-1.1965],[34.6713,-1.1998],[34.6735,-1.2114],[34.6799,-1.2142],[34.6869,-1.2128],[34.6885,-1.2166],[34.6927,-1.2432],[34.6963,-1.2526],[34.6993,-1.2708],[34.7115,-1.3087],[34.7191,-1.3447],[34.7209,-1.3471],[34.7247,-1.3671],[34.7315,-1.3894],[34.6751,-1.3555],[34.6565,-1.3468],[34.6411,-1.3367],[34.6313,-1.3325],[34.6177,-1.3237],[34.5475,-1.2855],[34.4897,-1.2507],[34.4685,-1.2407],[34.2501,-1.116],[34.2079,-1.0933],[34.1763,-1.074],[34.1501,-1.0606],[34.1363,-1.0504],[34.1255,-1.0466],[34.0803,-1.0219],[34.0461,-1.0459],[34.0409,-1.0462],[34.0341,-1.0427],[34.0293,-1.0355],[34.0281,-1.0142],[34.0189,-1.0034],[33.9347,-1.0026],[33.9265,-0.8073],[34.0803,-0.8076],[34.0849,-0.7899],[34.0883,-0.7871],[34.1087,-0.7846],[34.1189,-0.7805],[34.1419,-0.7796],[34.1463,-0.7775],[34.1523,-0.77],[34.1699,-0.7651],[34.1909,-0.7482],[34.1979,-0.7451],[34.2017,-0.7462],[34.2033,-0.7526],[34.2111,-0.762],[34.2147,-0.7705],[34.2209,-0.7738],[34.2341,-0.7854],[34.2411,-0.799],[34.2535,-0.8134],[34.2523,-0.8198],[34.2709,-0.8264],[34.2849,-0.827],[34.2969,-0.8386],[34.2999,-0.8411],[34.3093,-0.8551],[34.3117,-0.858],[34.3225,-0.8674],[34.3263,-0.8682],[34.3383,-0.8638],[34.3387,-0.8593],[34.3421,-0.8574],[34.3679,-0.8541],[34.3747,-0.848],[34.3787,-0.8469],[34.3821,-0.8485],[34.3935,-0.8316],[34.3879,-0.819],[34.3911,-0.8187],[34.3977,-0.8208],[34.4289,-0.8372],[34.4645,-0.8646],[34.4653,-0.838],[34.4761,-0.8134],[34.4841,-0.7999],[34.4863,-0.789],[34.5093,-0.7664],[34.5193,-0.7589],[34.5265,-0.7478],[34.5325,-0.7431],[34.5375,-0.7318],[34.5341,-0.728],[34.5349,-0.724],[34.5349,-0.7056],[34.5433,-0.692],[34.5521,-0.6835],[34.5535,-0.6777],[34.5599,-0.6743],[34.5583,-0.6682],[34.5807,-0.6611],[34.5839,-0.6539],[34.5885,-0.6522],[34.6056,-0.6531]]]}},{"type":"Feature","properties":{"name":"Kisii","countyCode":45},"geometry":{"type":"Polygon","coordinates":[[[34.7869,-0.6759],[34.7897,-0.6782],[34.7937,-0.6843],[34.7935,-0.6876],[34.7963,-0.6903],[34.8025,-0.6903],[34.8089,-0.6882],[34.8209,-0.6942],[34.8231,-0.6967],[34.8243,-0.7039],[34.8349,-0.7084],[34.8419,-0.7166],[34.8687,-0.7349],[34.8845,-0.7426],[34.8891,-0.7468],[34.8979,-0.7484],[34.9021,-0.7512],[34.9077,-0.7609],[34.9183,-0.7606],[34.9223,-0.762],[34.9281,-0.7661],[34.9355,-0.7678],[34.9461,-0.7767],[34.9505,-0.7835],[34.9539,-0.7933],[34.9585,-0.7979],[35.0125,-0.8894],[35.0013,-0.8936],[34.9967,-0.8933],[34.9885,-0.8966],[34.9585,-0.9027],[34.9423,-0.9078],[34.9177,-0.9124],[34.8891,-0.9215],[34.8449,-0.9326],[34.8311,-0.9334],[34.8245,-0.9376],[34.8059,-0.9411],[34.7809,-0.9487],[34.7765,-0.9479],[34.7603,-0.9539],[34.7419,-0.957],[34.7355,-0.96],[34.7319,-0.9592],[34.7155,-0.963],[34.6775,-0.9735],[34.6641,-0.973],[34.6495,-0.966],[34.6435,-0.9691],[34.6345,-0.9655],[34.6275,-0.9555],[34.6235,-0.9461],[34.6225,-0.9381],[34.6261,-0.9252],[34.6221,-0.9185],[34.6175,-0.8991],[34.6179,-0.895],[34.6157,-0.8928],[34.6151,-0.8833],[34.6183,-0.8734],[34.6113,-0.8594],[34.6117,-0.8519],[34.6109,-0.8435],[34.6139,-0.8422],[34.6203,-0.8427],[34.6227,-0.841],[34.6225,-0.8369],[34.6257,-0.8292],[34.6235,-0.825],[34.6249,-0.7869],[34.6277,-0.7755],[34.6257,-0.7698],[34.6267,-0.757],[34.6291,-0.7534],[34.6309,-0.7413],[34.6289,-0.7352],[34.6289,-0.7321],[34.6347,-0.7238],[34.6433,-0.7059],[34.6407,-0.702],[34.6379,-0.6765],[34.6355,-0.669],[34.6449,-0.6329],[34.6501,-0.6268],[34.6529,-0.6151],[34.6607,-0.6057],[34.6859,-0.6032],[34.6959,-0.5927],[34.7001,-0.5855],[34.7027,-0.5764],[34.7115,-0.5676],[34.7125,-0.5606],[34.7255,-0.5614],[34.7311,-0.5582],[34.7391,-0.5603],[34.7521,-0.5598],[34.7593,-0.5526],[34.7619,-0.5452],[34.7695,-0.535],[34.7891,-0.5336],[34.7949,-0.5283],[34.8001,-0.528],[34.8185,-0.52],[34.8499,-0.5125],[34.8587,-0.5053],[34.8631,-0.5042],[34.8677,-0.5059],[34.8703,-0.5079],[34.8695,-0.5188],[34.8717,-0.5374],[34.8763,-0.5466],[34.8769,-0.5551],[34.8791,-0.5612],[34.8737,-0.5756],[34.8799,-0.586],[34.8799,-0.5925],[34.8827,-0.5941],[34.8909,-0.6058],[34.8905,-0.6107],[34.8879,-0.614],[34.8851,-0.6135],[34.8743,-0.608],[34.8665,-0.6085],[34.8555,-0.6004],[34.8443,-0.5983],[34.8353,-0.606],[34.8303,-0.6179],[34.8181,-0.6301],[34.8171,-0.6345],[34.8141,-0.6384],[34.8113,-0.645],[34.8101,-0.6605],[34.8121,-0.6665],[34.8049,-0.6654],[34.7927,-0.6669],[34.7897,-0.6745],[34.7869,-0.6759]],[[34.7869,-0.6759],[34.7833,-0.6749],[34.7793,-0.6768],[34.7851,-0.6804],[34.7869,-0.6759]]]}},{"type":"Feature","properties":{"name":"Bomet","countyCode":36},"geometry":{"type":"MultiPolygon","coordinates":[[[[35.3505,-0.9747],[35.3473,-0.9732],[35.3435,-0.9743],[35.3401,-0.9765],[35.3397,-0.9796],[35.3353,-0.978],[35.3311,-0.981],[35.3325,-0.9846],[35.3157,-0.9926],[35.3153,-0.996],[35.3125,-0.9974],[35.3133,-1.0009],[35.3043,-1.0051],[35.3001,-1.0043],[35.2955,-1.0092],[35.2855,-1.0142],[35.2823,-1.0141],[35.2803,-1.0175],[35.2719,-1.0214],[35.2703,-1.0239],[35.2663,-1.0222],[35.2633,-1.0208],[35.2567,-1.03],[35.2531,-1.0296],[35.2459,-1.0369],[35.2427,-1.0365],[35.2229,-1.0214],[35.2091,-1.0081],[35.1981,-1.0017],[35.1829,-0.9895],[35.0863,-0.9088],[35.0833,-0.9069],[35.0135,-0.8903],[35.0129,-0.8826],[35.0147,-0.8784],[35.0213,-0.8724],[35.0243,-0.8756],[35.0257,-0.8724],[35.0261,-0.8635],[35.0225,-0.853],[35.0229,-0.8491],[35.0313,-0.8471],[35.0457,-0.8554],[35.0921,-0.8034],[35.0887,-0.7963],[35.0875,-0.7894],[35.0741,-0.7645],[35.0697,-0.7515],[35.0487,-0.7094],[35.0529,-0.7017],[35.0615,-0.697],[35.0695,-0.6959],[35.0723,-0.6917],[35.0703,-0.6859],[35.0633,-0.6773],[35.0635,-0.6727],[35.0571,-0.6632],[35.0567,-0.6467],[35.0599,-0.638],[35.0643,-0.6339],[35.0625,-0.6246],[35.0687,-0.6046],[35.0705,-0.6013],[35.0735,-0.5999],[35.0817,-0.6008],[35.0827,-0.6073],[35.0865,-0.6093],[35.0849,-0.6173],[35.0859,-0.6204],[35.0841,-0.6228],[35.0877,-0.6256],[35.0827,-0.6354],[35.0837,-0.6434],[35.0811,-0.6513],[35.0839,-0.6549],[35.0941,-0.6594],[35.1015,-0.6575],[35.1151,-0.6555],[35.1203,-0.6586],[35.1211,-0.6655],[35.1345,-0.6605],[35.1505,-0.6605],[35.1641,-0.6577],[35.1775,-0.6574],[35.1795,-0.6544],[35.1959,-0.6467],[35.1991,-0.6394],[35.2023,-0.6365],[35.2299,-0.6159],[35.2289,-0.6085],[35.2271,-0.603],[35.2333,-0.598],[35.2377,-0.5919],[35.2315,-0.5913],[35.2185,-0.5825],[35.2131,-0.5742],[35.2001,-0.5626],[35.2007,-0.5582],[35.2053,-0.5534],[35.2063,-0.5491],[35.1999,-0.5422],[35.1983,-0.538],[35.2003,-0.5316],[35.1997,-0.5283],[35.1905,-0.5214],[35.1903,-0.5178],[35.1943,-0.5112],[35.1885,-0.5056],[35.1803,-0.5029],[35.1785,-0.5],[35.1785,-0.4959],[35.1821,-0.4862],[35.1951,-0.4837],[35.1991,-0.4846],[35.2137,-0.481],[35.2179,-0.4796],[35.2203,-0.4765],[35.2197,-0.4722],[35.2103,-0.468],[35.2117,-0.4641],[35.2151,-0.4622],[35.2189,-0.4555],[35.2187,-0.4525],[35.2277,-0.4389],[35.2293,-0.4351],[35.2311,-0.4262],[35.2351,-0.424],[35.2437,-0.4245],[35.2515,-0.4215],[35.2577,-0.4248],[35.2613,-0.4249],[35.2771,-0.4188],[35.2879,-0.4202],[35.2929,-0.4248],[35.3009,-0.4265],[35.3141,-0.423],[35.2855,-0.4918],[35.2935,-0.4898],[35.2997,-0.4954],[35.3053,-0.4981],[35.3117,-0.5053],[35.3121,-0.5115],[35.3619,-0.4849],[35.3703,-0.4849],[35.3769,-0.4815],[35.3815,-0.4747],[35.3855,-0.4755],[35.3965,-0.4619],[35.4059,-0.4625],[35.4099,-0.461],[35.4119,-0.4581],[35.4187,-0.4561],[35.4253,-0.4573],[35.4285,-0.4563],[35.4323,-0.4517],[35.4363,-0.4393],[35.4391,-0.4381],[35.4435,-0.4304],[35.4535,-0.4249],[35.4659,-0.4063],[35.4731,-0.4024],[35.4791,-0.4091],[35.4845,-0.4182],[35.4981,-0.4429],[35.5127,-0.4644],[35.5379,-0.505],[35.5405,-0.512],[35.5437,-0.5147],[35.5709,-0.5609],[35.5879,-0.5897],[35.3993,-0.6445],[35.3983,-0.6478],[35.4267,-0.7211],[35.4797,-0.7631],[35.5091,-0.7747],[35.5341,-0.778],[35.5455,-0.7855],[35.5473,-0.7885],[35.5419,-0.7963],[35.5285,-0.8087],[35.5213,-0.8114],[35.5203,-0.8161],[35.5087,-0.8248],[35.4981,-0.8253],[35.4877,-0.8331],[35.4829,-0.8385],[35.4805,-0.8416],[35.4783,-0.8458],[35.4797,-0.8497],[35.4787,-0.8527],[35.4723,-0.858],[35.4727,-0.8612],[35.4629,-0.8652],[35.4617,-0.8739],[35.4585,-0.8762],[35.4563,-0.8782],[35.4563,-0.8818],[35.4545,-0.8842],[35.4467,-0.8844],[35.4433,-0.8894],[35.4403,-0.8897],[35.4413,-0.8933],[35.4395,-0.8961],[35.4357,-0.8981],[35.4317,-0.8972],[35.4291,-0.9055],[35.4251,-0.9069],[35.4275,-0.9151],[35.4273,-0.9191],[35.4247,-0.9237],[35.4261,-0.9326],[35.4253,-0.9359],[35.4229,-0.9376],[35.4231,-0.9417],[35.4211,-0.9459],[35.4041,-0.9511],[35.3989,-0.9578],[35.3825,-0.9611],[35.3789,-0.9625],[35.3751,-0.9694],[35.3693,-0.9741],[35.3633,-0.9713],[35.3601,-0.9724],[35.3557,-0.9691],[35.3515,-0.9682],[35.3523,-0.9718],[35.3505,-0.9747]]],[[[35.3505,-0.9747],[35.3511,-0.9788],[35.3483,-0.9766],[35.3505,-0.9747]]]]}},{"type":"Feature","properties":{"name":"Nyamira","countyCode":46},"geometry":{"type":"Polygon","coordinates":[[[35.0427,-0.4708],[35.0411,-0.4813],[35.0397,-0.4849],[35.0359,-0.4851],[35.0345,-0.4877],[35.0339,-0.499],[35.0435,-0.5007],[35.0505,-0.4993],[35.0569,-0.5081],[35.0487,-0.5255],[35.0511,-0.5278],[35.0531,-0.5355],[35.0501,-0.5386],[35.0525,-0.5449],[35.0503,-0.5485],[35.0513,-0.5645],[35.0493,-0.5709],[35.0519,-0.5861],[35.0581,-0.5988],[35.0623,-0.6033],[35.0627,-0.6101],[35.0577,-0.6198],[35.0649,-0.6311],[35.0565,-0.6464],[35.0575,-0.6511],[35.0557,-0.6577],[35.0585,-0.6663],[35.0635,-0.6729],[35.0635,-0.6774],[35.0701,-0.6857],[35.0723,-0.6917],[35.0695,-0.6959],[35.0613,-0.697],[35.0529,-0.7017],[35.0495,-0.7053],[35.0485,-0.71],[35.0741,-0.7645],[35.0919,-0.8032],[35.0455,-0.8546],[35.0313,-0.8471],[35.0229,-0.849],[35.0225,-0.853],[35.0261,-0.8635],[35.0257,-0.8721],[35.0245,-0.8754],[35.0213,-0.8724],[35.0147,-0.8784],[35.0129,-0.8826],[35.0133,-0.8903],[34.9461,-0.7767],[34.9443,-0.7739],[34.9333,-0.767],[34.9289,-0.7666],[34.9259,-0.7631],[34.9223,-0.762],[34.9185,-0.7604],[34.9077,-0.7614],[34.9027,-0.7518],[34.8979,-0.7484],[34.8889,-0.7465],[34.8871,-0.744],[34.8687,-0.7349],[34.8435,-0.7172],[34.8349,-0.708],[34.8251,-0.7047],[34.8231,-0.6967],[34.8209,-0.6942],[34.8117,-0.689],[34.8067,-0.6887],[34.8025,-0.6903],[34.7993,-0.6909],[34.7961,-0.6901],[34.7935,-0.6876],[34.7937,-0.6843],[34.7897,-0.6782],[34.7871,-0.677],[34.7851,-0.6804],[34.7795,-0.6768],[34.7897,-0.6745],[34.7941,-0.6671],[34.8123,-0.6662],[34.8101,-0.6605],[34.8113,-0.645],[34.8143,-0.6378],[34.8221,-0.6254],[34.8309,-0.6182],[34.8359,-0.6055],[34.8443,-0.5985],[34.8545,-0.5994],[34.8663,-0.6085],[34.8767,-0.6091],[34.8865,-0.6138],[34.8907,-0.6107],[34.8913,-0.6063],[34.8827,-0.5941],[34.8801,-0.5919],[34.8811,-0.5878],[34.8733,-0.5767],[34.8783,-0.5629],[34.8785,-0.5584],[34.8769,-0.5551],[34.8763,-0.5466],[34.8721,-0.538],[34.8697,-0.51],[34.8725,-0.5089],[34.8655,-0.5045],[34.8625,-0.5042],[34.8771,-0.4918],[34.8815,-0.489],[34.8923,-0.487],[34.9187,-0.4782],[34.9279,-0.4719],[34.9337,-0.4727],[34.9363,-0.4677],[34.9409,-0.4655],[34.9457,-0.4617],[34.9675,-0.4429],[34.9895,-0.434],[34.9991,-0.4302],[35.0017,-0.4285],[35.0141,-0.418],[35.0213,-0.4143],[35.0279,-0.4155],[35.0337,-0.4215],[35.0397,-0.4321],[35.0397,-0.4389],[35.0447,-0.4451],[35.0457,-0.4487],[35.0449,-0.4558],[35.0427,-0.4595],[35.0427,-0.4708]]]}},{"type":"Feature","properties":{"name":"Kisumu","countyCode":42},"geometry":{"type":"Polygon","coordinates":[[[34.8083,-0.0166],[34.8083,-0.0211],[34.8155,-0.0242],[34.8283,-0.0282],[34.8811,-0.0267],[34.8889,-0.0256],[34.9069,-0.0282],[34.9171,-0.0271],[34.9205,-0.0285],[34.9201,-0.0333],[34.9239,-0.0366],[34.9359,-0.0358],[34.9551,-0.0308],[34.9533,-0.0275],[34.9583,-0.0271],[34.9647,-0.0327],[34.9721,-0.0299],[34.9789,-0.0245],[34.9891,-0.0241],[34.9903,-0.0202],[35.0067,-0.0283],[35.0085,-0.0335],[35.0079,-0.0515],[35.0105,-0.0542],[35.0593,-0.0545],[35.0659,-0.0667],[35.0743,-0.0565],[35.0865,-0.0496],[35.0921,-0.0446],[35.0973,-0.0305],[35.1035,-0.0236],[35.1023,-0.01],[35.1037,-0.0053],[35.1509,-0.0366],[35.1583,-0.0363],[35.1631,-0.0311],[35.1669,-0.0319],[35.1771,-0.0286],[35.1803,-0.0299],[35.1879,-0.0289],[35.1939,-0.0261],[35.2073,-0.0294],[35.2217,-0.0374],[35.2271,-0.0661],[35.2269,-0.1074],[35.2291,-0.1123],[35.2347,-0.121],[35.2543,-0.1207],[35.2613,-0.1367],[35.2637,-0.1384],[35.2697,-0.1497],[35.2705,-0.1541],[35.2791,-0.147],[35.2873,-0.16],[35.2967,-0.1765],[35.3313,-0.1771],[35.3317,-0.192],[35.3345,-0.2025],[35.3401,-0.2208],[35.3433,-0.2362],[35.3425,-0.2398],[35.3147,-0.2495],[35.3059,-0.2404],[35.3029,-0.2412],[35.2919,-0.2374],[35.2721,-0.2379],[35.2629,-0.2324],[35.2619,-0.2297],[35.2629,-0.2252],[35.2579,-0.2219],[35.2497,-0.2124],[35.2491,-0.2091],[35.2453,-0.2041],[35.2353,-0.197],[35.2317,-0.1959],[35.2277,-0.197],[35.2231,-0.1953],[35.2203,-0.1923],[35.2189,-0.1823],[35.2155,-0.1754],[35.2067,-0.1701],[35.2039,-0.1666],[35.1995,-0.1643],[35.1865,-0.1622],[35.1837,-0.1647],[35.1637,-0.1638],[35.1575,-0.1663],[35.1493,-0.1633],[35.1397,-0.1625],[35.1333,-0.1566],[35.1263,-0.1605],[35.1105,-0.1903],[35.1071,-0.1937],[35.1039,-0.2019],[35.0739,-0.2094],[35.0647,-0.2172],[35.0579,-0.2388],[35.0559,-0.2675],[35.0495,-0.3002],[35.0225,-0.3258],[35.0105,-0.3314],[35.0083,-0.3342],[35.0055,-0.3582],[35.0103,-0.3865],[35.0099,-0.3938],[35.0027,-0.4058],[34.9947,-0.4077],[34.9861,-0.4141],[34.9807,-0.4138],[34.9769,-0.411],[34.9591,-0.4158],[34.9507,-0.416],[34.9381,-0.4124],[34.9309,-0.4118],[34.9299,-0.4046],[34.9149,-0.403],[34.9169,-0.3901],[34.9159,-0.3862],[34.8885,-0.3986],[34.8727,-0.3958],[34.8667,-0.3958],[34.8633,-0.3975],[34.8555,-0.3927],[34.8439,-0.3925],[34.8285,-0.3886],[34.8249,-0.3858],[34.8251,-0.382],[34.8229,-0.3786],[34.8233,-0.374],[34.8193,-0.3668],[34.8115,-0.3547],[34.8021,-0.3551],[34.7971,-0.3515],[34.7857,-0.3383],[34.7879,-0.3267],[34.7853,-0.3237],[34.7713,-0.3137],[34.7609,-0.3114],[34.7585,-0.3073],[34.7589,-0.2993],[34.7557,-0.2924],[34.7041,-0.2592],[34.5309,-0.2731],[34.4839,-0.301],[34.4323,-0.1466],[34.4285,-0.1271],[34.4171,-0.0914],[34.4169,-0.0875],[34.4195,-0.0789],[34.4253,-0.0703],[34.4293,-0.0693],[34.4319,-0.0653],[34.4447,-0.0574],[34.4479,-0.0562],[34.4553,-0.0488],[34.4585,-0.0479],[34.4719,-0.0421],[34.4851,-0.0336],[34.4921,-0.031],[34.5069,-0.0289],[34.5257,-0.0222],[34.5361,-0.0181],[34.5491,-0.0239],[34.5537,-0.0219],[34.5637,-0.0242],[34.5621,-0.031],[34.5627,-0.038],[34.5675,-0.0405],[34.5773,-0.038],[34.5837,-0.0332],[34.5837,-0.0272],[34.5867,-0.0227],[34.5899,-0.0097],[34.5923,-0.0075],[34.5897,0],[34.6039,0.0101],[34.6071,0.0082],[34.6091,0.0029],[34.6129,0.0029],[34.6135,-0.0004],[34.6285,0.0022],[34.6357,0.0005],[34.6413,-0.0034],[34.6723,-0.0159],[34.6815,-0.0148],[34.6891,-0.0115],[34.6963,-0.0206],[34.7097,-0.0202],[34.7179,-0.0092],[34.7261,-0.0072],[34.7299,-0.009],[34.7395,-0.0242],[34.7457,-0.0239],[34.7521,-0.0324],[34.7567,-0.0289],[34.7655,-0.0175],[34.7761,-0.0167],[34.7799,-0.0181],[34.7887,-0.0064],[34.8021,0.0063],[34.8049,0.0087],[34.8109,0.0107],[34.8229,0.022],[34.8265,0.0226],[34.8305,0.022],[34.8143,-0.0015],[34.8093,-0.0112],[34.8107,-0.0139],[34.8083,-0.0166]]]}},{"type":"Feature","properties":{"name":"Trans Nzoia","countyCode":26},"geometry":{"type":"Polygon","coordinates":[[[34.9069,1.269],[34.9057,1.25],[34.9389,1.2513],[34.9705,1.2463],[34.9947,1.2568],[35.0137,1.253],[35.0259,1.2319],[35.0443,1.214],[35.0377,1.2034],[35.0435,1.194],[35.0469,1.193],[35.0621,1.1794],[35.0739,1.1764],[35.0857,1.1672],[35.0885,1.1797],[35.0917,1.1819],[35.1029,1.1833],[35.1061,1.1822],[35.1161,1.186],[35.1241,1.1841],[35.1313,1.1855],[35.1523,1.1982],[35.1613,1.178],[35.1781,1.155],[35.2021,1.1171],[35.2183,1.1144],[35.2351,1.0859],[35.2355,1.0829],[35.2427,1.0729],[35.2741,1.06],[35.3135,1.0359],[35.3588,1.0203],[35.3629,1.017],[35.3629,1.0087],[35.3441,1.0036],[35.3445,0.9995],[35.3529,0.9792],[35.3399,0.9712],[35.3381,0.9675],[35.3467,0.9654],[35.3411,0.962],[35.3445,0.9466],[35.3605,0.9435],[35.3495,0.9198],[35.3347,0.9278],[35.3313,0.9314],[35.3289,0.9294],[35.3069,0.8893],[35.2971,0.9017],[35.2919,0.9148],[35.2783,0.922],[35.2739,0.9272],[35.2707,0.9343],[35.2639,0.9344],[35.2539,0.9393],[35.2361,0.9291],[35.2297,0.9214],[35.2223,0.9191],[35.2019,0.9216],[35.1937,0.9247],[35.1859,0.9236],[35.1745,0.9194],[35.1679,0.9214],[35.1567,0.9178],[35.1475,0.9172],[35.1413,0.9194],[35.1311,0.9191],[35.1285,0.917],[35.1281,0.9135],[35.1183,0.9064],[35.1175,0.899],[35.1143,0.892],[35.1169,0.886],[35.1155,0.8823],[35.104,0.8735],[35.0862,0.8822],[35.0827,0.886],[35.0823,0.892],[35.0767,0.897],[35.0643,0.896],[35.0561,0.8982],[35.0541,0.9004],[35.0481,0.899],[35.0449,0.9003],[35.0317,0.8934],[35.0267,0.8948],[35.0227,0.8924],[35.0205,0.8893],[35.0197,0.886],[34.9859,0.8785],[34.9883,0.8843],[34.9663,0.8774],[34.9673,0.8724],[34.9507,0.8686],[34.9431,0.8688],[34.9347,0.8534],[34.9269,0.8528],[34.9207,0.8483],[34.8711,0.8238],[34.8227,0.8088],[34.8099,0.8069],[34.8119,0.8204],[34.8061,0.8368],[34.8059,0.8412],[34.8003,0.8476],[34.7959,0.858],[34.7967,0.865],[34.7879,0.8901],[34.7961,0.9001],[34.7997,0.902],[34.8013,0.9053],[34.7987,0.9122],[34.7877,0.9222],[34.7791,0.9236],[34.7681,0.9211],[34.7401,0.9374],[34.6895,1.0046],[34.6795,1.0204],[34.6617,1.0439],[34.6563,1.0508],[34.6523,1.0541],[34.6609,1.0773],[34.6625,1.081],[34.6511,1.0829],[34.6331,1.0911],[34.6163,1.1034],[34.6039,1.1166],[34.5809,1.1479],[34.6107,1.1562],[34.6207,1.1647],[34.6371,1.1697],[34.6495,1.1772],[34.6635,1.1896],[34.6679,1.2023],[34.6707,1.2057],[34.6909,1.2096],[34.7019,1.2134],[34.7117,1.2132],[34.7445,1.2187],[34.7593,1.219],[34.7681,1.2168],[34.7751,1.2206],[34.7791,1.22],[34.7829,1.2214],[34.7943,1.2197],[34.8065,1.2298],[34.8117,1.2383],[34.8119,1.2419],[34.8177,1.2486],[34.8195,1.2585],[34.9075,1.2814],[34.9069,1.269]]]}}]}